asset_id,asset_type,em_manufacturer,em_model,em_communication_protocol,em_acquisition_pathway,stream_start_utc,stream_end_utc,is_submeter
ahu_a,HVAC_AHU,Weidmüller,EM220,modbus_tcp_ip,direct_modbus_tcp,01/01/2025 00:00,31/12/2025 23:59,TRUE
ahu_b,HVAC_AHU,Weidmüller,EM220,modbus_tcp_ip,direct_modbus_tcp,01/01/2025 00:00,31/12/2025 23:59,TRUE
ahu_c,HVAC_AHU,Weidmüller,EM220,modbus_tcp_ip,direct_modbus_tcp,01/01/2025 00:00,31/12/2025 23:59,TRUE
u_a,Utilities,Weidmüller,EM220,modbus_tcp_ip,direct_modbus_tcp,22/05/2025 13:25,31/12/2025 23:59,TRUE
u_b,Utilities,Weidmüller,EM220,modbus_tcp_ip,direct_modbus_tcp,22/05/2025 13:25,31/12/2025 23:59,TRUE
u_c,Utilities,Weidmüller,EM220,modbus_tcp_ip,direct_modbus_tcp,22/05/2025 13:25,31/12/2025 23:59,TRUE
u_d,Utilities,Weidmüller,EM220,modbus_tcp_ip,direct_modbus_tcp,01/01/2025 00:00,31/12/2025 23:59,TRUE
u_e,Utilities,Weidmüller,EM220,modbus_tcp_ip,direct_modbus_tcp,01/01/2025 00:00,31/12/2025 23:59,TRUE
comp_a,CompressedAir,Weidmüller,EM220,modbus_tcp_ip,direct_modbus_tcp,22/05/2025 13:25,31/12/2025 23:59,TRUE
comp_b,CompressedAir,Weidmüller,EM220,modbus_tcp_ip,direct_modbus_tcp,22/05/2025 13:25,31/12/2025 23:59,TRUE
mix_a,ProcessMixing,Weidmüller,EM220,modbus_tcp_ip,direct_modbus_tcp,01/01/2025 00:00,31/12/2025 23:59,TRUE
mix_b,ProcessMixing,Weidmüller,EM220,modbus_tcp_ip,direct_modbus_tcp,01/01/2025 00:00,31/12/2025 23:59,TRUE
mix_c,ProcessMixing,Weidmüller,EM220,modbus_tcp_ip,direct_modbus_tcp,01/01/2025 00:00,31/12/2025 23:59,TRUE
mix_d,ProcessMixing,Weidmüller,EM220,modbus_tcp_ip,direct_modbus_tcp,01/01/2025 00:00,31/12/2025 23:59,TRUE
ex_a,HVAC_AirExtraction,Weidmüller,EM220,modbus_tcp_ip,direct_modbus_tcp,22/05/2025 13:25,31/12/2025 23:59,TRUE
ex_b,HVAC_AirExtraction,Weidmüller,EM220,modbus_tcp_ip,direct_modbus_tcp,01/01/2025 00:00,31/12/2025 23:59,TRUE
hp_a,HVAC_HeatPump,Rayleigh,RI-F400,modbus_rtu,gateway_modbus_rtu_to_plc,30/04/2025 07:14,31/12/2025 23:59,TRUE
hp_b,HVAC_HeatPump,Rayleigh,RI-F400,modbus_rtu,gateway_modbus_rtu_to_plc,30/04/2025 07:14,31/12/2025 23:59,TRUE
mh_a,Automation_Handling,Weidmüller,EM220,modbus_tcp_ip,direct_modbus_tcp,01/01/2025 00:00,31/12/2025 23:59,TRUE
p_a,Press_Main,Weidmüller,EM220,modbus_tcp_ip,gateway_modbus_tcp_to_plc,21/02/2025 00:11,31/12/2025 23:59,TRUE
p_b,Press_Main,Weidmüller,EM220,modbus_tcp_ip,direct_modbus_tcp,01/01/2025 00:00,31/12/2025 23:59,TRUE
p_c,Press_Drive,Weidmüller,EM220,modbus_tcp_ip,gateway_modbus_tcp_to_plc,20/02/2025 22:05,31/12/2025 23:59,TRUE
php_c,Press_Heating,Weidmüller,EM220,modbus_tcp_ip,direct_modbus_tcp,17/08/2025 00:00,31/12/2025 23:59,TRUE
p_d,Press_Drive,Weidmüller,EM220,modbus_tcp_ip,gateway_modbus_tcp_to_plc,20/02/2025 19:51,31/12/2025 23:59,TRUE
p_e,Press_Drive,Weidmüller,EM220,modbus_tcp_ip,gateway_modbus_tcp_to_plc,05/02/2025 20:23,31/12/2025 23:59,TRUE
p_f,Press_IntegratedAutomationCell,Weidmüller,EM220,modbus_tcp_ip,direct_modbus_tcp,01/01/2025 00:00,31/12/2025 23:59,TRUE
p_g,Press_Main,Weidmüller,EM220,modbus_tcp_ip,direct_modbus_tcp,21/03/2025 08:19,31/12/2025 23:59,TRUE
p_h,Press_Main,Weidmüller,EM220,modbus_tcp_ip,gateway_modbus_tcp_to_plc,20/02/2025 22:05,31/12/2025 23:59,TRUE
p_i,Press_Main,Weidmüller,EM220,modbus_tcp_ip,direct_modbus_tcp,21/03/2025 08:19,31/12/2025 23:59,TRUE
p_j,Press_Drive,Weidmüller,EM220,modbus_tcp_ip,direct_modbus_tcp,18/12/2025 08:10,31/12/2025 23:59,TRUE
php_j,Press_Heating,Weidmüller,EM220,modbus_tcp_ip,direct_modbus_tcp,18/11/2025 15:03,31/12/2025 23:59,TRUE
p_k,Press_Main,Weidmüller,EM220,modbus_tcp_ip,direct_modbus_tcp,01/01/2025 00:00,31/12/2025 23:59,TRUE
p_l,Press_Main,Weidmüller,EM220,modbus_tcp_ip,gateway_modbus_tcp_to_plc,21/03/2025 09:34,31/12/2025 23:59,TRUE
p_m,Press_Main,Weidmüller,EM220,modbus_tcp_ip,gateway_modbus_tcp_to_plc,21/03/2025 08:19,31/12/2025 23:59,TRUE
p_n,Press_Main,Weidmüller,EM220,modbus_tcp_ip,direct_modbus_tcp,19/12/2025 11:44,31/12/2025 23:59,TRUE
pr_e,Automation_Robot,Weidmüller,EM220,modbus_tcp_ip,direct_modbus_tcp,19/11/2025 15:29,31/12/2025 23:59,TRUE
pr_f,Automation_Robot,Weidmüller,EM220,modbus_tcp_ip,direct_modbus_tcp,20/11/2025 16:09,31/12/2025 23:59,TRUE
pr_k,Automation_Robot,Weidmüller,EM220,modbus_tcp_ip,direct_modbus_tcp,18/11/2025 15:03,31/12/2025 23:59,TRUE
sb_a,Electrical_Distribution,Weidmüller,EM220,modbus_tcp_ip,direct_modbus_tcp,22/05/2025 13:25,31/12/2025 23:59,TRUE
sb_b,Electrical_Distribution,Weidmüller,EM220,modbus_tcp_ip,direct_modbus_tcp,23/05/2025 06:43,31/12/2025 23:59,TRUE
sb_c,Electrical_Distribution,Rayleigh,RI-F200,modbus_rtu,gateway_modbus_rtu_to_plc,30/04/2025 07:14,31/12/2025 23:59,TRUE
mi_a,Electrical_GridImport,Weidmüller,EM220,modbus_tcp_ip,direct_modbus_tcp,22/05/2025 13:54,31/12/2025 23:59,FALSE
mi_b,Electrical_PVGeneration,Rayleigh,RI-F200,modbus_rtu,gateway_modbus_rtu_to_plc,30/04/2025 07:14,31/12/2025 23:59,FALSE
