Source,Target,RelationshipNote
mi_a,sb_c,grid_supply_to_distribution
mi_b,sb_c,solar_supply_to_distribution
mi_b,hp_a,solar_supply_to_load
mi_b,hp_b,solar_supply_to_load
sb_c,sb_a,solar_distribution_to_subboard
sb_c,sb_b,solar_distribution_to_subboard
sb_a,u_a,subboard_distribution_to_load
sb_a,u_b,subboard_distribution_to_load
sb_a,u_c,subboard_distribution_to_load
sb_a,comp_a,subboard_distribution_to_load
sb_a,comp_b,subboard_distribution_to_load
sb_a,ex_a,subboard_distribution_to_load
sb_b,ahu_a,subboard_distribution_to_load
sb_b,mh_a,subboard_distribution_to_load
sb_b,mix_a,subboard_distribution_to_load
sb_b,mix_b,subboard_distribution_to_load
sb_b,mix_c,subboard_distribution_to_load
sb_b,mix_d,subboard_distribution_to_load
sb_b,u_d,subboard_distribution_to_load
sb_b,u_e,subboard_distribution_to_load
sb_c,ahu_b,solar_distribution_to_load
sb_c,ahu_c,solar_distribution_to_load
sb_c,ex_b,solar_distribution_to_load
sb_c,hp_a,grid_distribution_to_load
sb_c,hp_b,grid_distribution_to_load
sb_c,p_a,solar_distribution_to_load
sb_c,p_b,solar_distribution_to_load
sb_c,p_c,solar_distribution_to_load
sb_c,php_c,solar_distribution_to_load
sb_c,p_d,solar_distribution_to_load
sb_c,p_e,solar_distribution_to_load
sb_c,pr_e,solar_distribution_to_load
sb_c,p_f,solar_distribution_to_load
sb_c,pr_f,solar_distribution_to_load
sb_c,p_g,solar_distribution_to_load
sb_c,p_h,solar_distribution_to_load
sb_c,p_i,solar_distribution_to_load
sb_c,p_j,solar_distribution_to_load
sb_c,php_j,solar_distribution_to_load
sb_c,p_k,solar_distribution_to_load
sb_c,pr_k,solar_distribution_to_load
sb_c,p_l,solar_distribution_to_load
sb_c,p_m,solar_distribution_to_load
sb_c,p_n,solar_distribution_to_load
mi_a,ahu_b,grid_supply_to_load
mi_a,ahu_c,grid_supply_to_load
mi_a,ex_b,grid_supply_to_load
mi_a,p_a,grid_supply_to_load
mi_a,p_b,grid_supply_to_load
mi_a,p_c,grid_supply_to_load
mi_a,php_c,grid_supply_to_load
mi_a,p_d,grid_supply_to_load
mi_a,p_e,grid_supply_to_load
mi_a,pr_e,grid_supply_to_load
mi_a,p_f,grid_supply_to_load
mi_a,pr_f,grid_supply_to_load
mi_a,p_g,grid_supply_to_load
mi_a,p_h,grid_supply_to_load
mi_a,p_i,grid_supply_to_load
mi_a,p_j,grid_supply_to_load
mi_a,php_j,grid_supply_to_load
mi_a,p_k,grid_supply_to_load
mi_a,pr_k,grid_supply_to_load
mi_a,p_l,grid_supply_to_load
mi_a,p_m,grid_supply_to_load
mi_a,p_n,grid_supply_to_load
p_f,pr_f,press_cell_robot_integration
