AssetId,Phase,window_start_utc,DateKeyUtc,TimeKeyUtc,WindowStartLocal,HourLocal,DateLocal,Energy_kWh_15m,Demand_kW,AvgPower_kW_15m,Minutes,SecondsObserved,DataCoveragePct,IsReliableWindow,SecondsReliable,ReliableCoveragePct
p_l,L1,2025-07-15 00:00:00,20250715,0,2025-07-15 01:00:00,1,2025-07-15,2.178886255555555,8.715545022222219,8.715545022222219,15.000000000000000,900.000000000000000,100.000000000000000,1,900.000000000000000,100.000000000000000
p_l,L2,2025-07-15 00:00:00,20250715,0,2025-07-15 01:00:00,1,2025-07-15,2.004525158333332,8.018100633333329,8.018100633333338,15.000000000000000,900.000000000000000,100.000000000000000,1,900.000000000000000,100.000000000000000
p_l,L3,2025-07-15 00:00:00,20250715,0,2025-07-15 01:00:00,1,2025-07-15,2.113631230555553,8.454524922222213,8.454524922222223,15.000000000000000,900.000000000000000,100.000000000000000,1,900.000000000000000,100.000000000000000
p_l,ALL,2025-07-15 00:00:00,20250715,0,2025-07-15 01:00:00,1,2025-07-15,6.297042644444440,25.188170577777761,8.396056859259261,15.000000000000000,900.000000000000000,100.000000000000000,1,900.000000000000000,100.000000000000000
p_l,L1,2025-07-15 00:15:00,20250715,1500,2025-07-15 01:15:00,1,2025-07-15,2.177902136111109,8.711608544444436,8.711608544444445,15.000000000000000,900.000000000000000,100.000000000000000,1,900.000000000000000,100.000000000000000
p_l,L2,2025-07-15 00:15:00,20250715,1500,2025-07-15 01:15:00,1,2025-07-15,2.021030908333334,8.084123633333338,8.084123633333336,15.000000000000000,900.000000000000000,100.000000000000000,1,900.000000000000000,100.000000000000000
p_l,L3,2025-07-15 00:15:00,20250715,1500,2025-07-15 01:15:00,1,2025-07-15,2.120228030555556,8.480912122222225,8.480912122222216,15.000000000000000,900.000000000000000,100.000000000000000,1,900.000000000000000,100.000000000000000
p_l,ALL,2025-07-15 00:15:00,20250715,1500,2025-07-15 01:15:00,1,2025-07-15,6.319161074999999,25.276644299999997,8.425548100000000,15.000000000000000,900.000000000000000,100.000000000000000,1,900.000000000000000,100.000000000000000
p_l,L1,2025-07-15 00:30:00,20250715,3000,2025-07-15 01:30:00,1,2025-07-15,2.185437949999999,8.741751799999998,8.741751800000003,15.000000000000000,900.000000000000000,100.000000000000000,1,900.000000000000000,100.000000000000000
p_l,L2,2025-07-15 00:30:00,20250715,3000,2025-07-15 01:30:00,1,2025-07-15,2.021041997222224,8.084167988888895,8.084167988888886,15.000000000000000,900.000000000000000,100.000000000000000,1,900.000000000000000,100.000000000000000
p_l,L3,2025-07-15 00:30:00,20250715,3000,2025-07-15 01:30:00,1,2025-07-15,2.117837058333332,8.471348233333329,8.471348233333336,15.000000000000000,900.000000000000000,100.000000000000000,1,900.000000000000000,100.000000000000000
p_l,ALL,2025-07-15 00:30:00,20250715,3000,2025-07-15 01:30:00,1,2025-07-15,6.324317005555555,25.297268022222219,8.432422674074074,15.000000000000000,900.000000000000000,100.000000000000000,1,900.000000000000000,100.000000000000000
p_l,L1,2025-07-15 00:45:00,20250715,4500,2025-07-15 01:45:00,1,2025-07-15,2.188690069444446,8.754760277777782,8.754760277777779,15.000000000000000,900.000000000000000,100.000000000000000,1,900.000000000000000,100.000000000000000
p_l,L2,2025-07-15 00:45:00,20250715,4500,2025-07-15 01:45:00,1,2025-07-15,2.024734702777778,8.098938811111111,8.098938811111115,15.000000000000000,900.000000000000000,100.000000000000000,1,900.000000000000000,100.000000000000000
p_l,L3,2025-07-15 00:45:00,20250715,4500,2025-07-15 01:45:00,1,2025-07-15,2.117241894444445,8.468967577777780,8.468967577777777,15.000000000000000,900.000000000000000,100.000000000000000,1,900.000000000000000,100.000000000000000
p_l,ALL,2025-07-15 00:45:00,20250715,4500,2025-07-15 01:45:00,1,2025-07-15,6.330666666666669,25.322666666666677,8.440888888888889,15.000000000000000,900.000000000000000,100.000000000000000,1,900.000000000000000,100.000000000000000
p_l,L1,2025-07-15 01:00:00,20250715,10000,2025-07-15 02:00:00,2,2025-07-15,2.167684619444445,8.670738477777782,8.670738477777782,15.000000000000000,900.000000000000000,100.000000000000000,1,900.000000000000000,100.000000000000000
p_l,L2,2025-07-15 01:00:00,20250715,10000,2025-07-15 02:00:00,2,2025-07-15,2.023874494444445,8.095497977777780,8.095497977777780,15.000000000000000,900.000000000000000,100.000000000000000,1,900.000000000000000,100.000000000000000
p_l,L3,2025-07-15 01:00:00,20250715,10000,2025-07-15 02:00:00,2,2025-07-15,2.112280849999999,8.449123399999996,8.449123400000001,15.000000000000000,900.000000000000000,100.000000000000000,1,900.000000000000000,100.000000000000000
p_l,ALL,2025-07-15 01:00:00,20250715,10000,2025-07-15 02:00:00,2,2025-07-15,6.303839963888890,25.215359855555562,8.405119951851855,15.000000000000000,900.000000000000000,100.000000000000000,1,900.000000000000000,100.000000000000000
p_l,L1,2025-07-15 01:15:00,20250715,11500,2025-07-15 02:15:00,2,2025-07-15,2.192698050000001,8.770792200000002,8.770792200000002,15.000000000000000,900.000000000000000,100.000000000000000,1,900.000000000000000,100.000000000000000
p_l,L2,2025-07-15 01:15:00,20250715,11500,2025-07-15 02:15:00,2,2025-07-15,2.038449202777778,8.153796811111111,8.153796811111111,15.000000000000000,900.000000000000000,100.000000000000000,1,900.000000000000000,100.000000000000000
p_l,L3,2025-07-15 01:15:00,20250715,11500,2025-07-15 02:15:00,2,2025-07-15,2.137752108333335,8.551008433333340,8.551008433333337,15.000000000000000,900.000000000000000,100.000000000000000,1,900.000000000000000,100.000000000000000
p_l,ALL,2025-07-15 01:15:00,20250715,11500,2025-07-15 02:15:00,2,2025-07-15,6.368899361111113,25.475597444444453,8.491865814814817,15.000000000000000,900.000000000000000,100.000000000000000,1,900.000000000000000,100.000000000000000
p_l,L1,2025-07-15 01:30:00,20250715,13000,2025-07-15 02:30:00,2,2025-07-15,2.171794066666668,8.687176266666670,8.687176266666668,15.000000000000000,900.000000000000000,100.000000000000000,1,900.000000000000000,100.000000000000000
p_l,L2,2025-07-15 01:30:00,20250715,13000,2025-07-15 02:30:00,2,2025-07-15,2.031002138888888,8.124008555555552,8.124008555555555,15.000000000000000,900.000000000000000,100.000000000000000,1,900.000000000000000,100.000000000000000
p_l,L3,2025-07-15 01:30:00,20250715,13000,2025-07-15 02:30:00,2,2025-07-15,2.122216780555557,8.488867122222228,8.488867122222219,15.000000000000000,900.000000000000000,100.000000000000000,1,900.000000000000000,100.000000000000000
p_l,ALL,2025-07-15 01:30:00,20250715,13000,2025-07-15 02:30:00,2,2025-07-15,6.325012986111113,25.300051944444451,8.433350648148147,15.000000000000000,900.000000000000000,100.000000000000000,1,900.000000000000000,100.000000000000000
p_l,L1,2025-07-15 01:45:00,20250715,14500,2025-07-15 02:45:00,2,2025-07-15,2.175751374999999,8.703005499999998,8.703005500000005,15.000000000000000,900.000000000000000,100.000000000000000,1,900.000000000000000,100.000000000000000
p_l,L2,2025-07-15 01:45:00,20250715,14500,2025-07-15 02:45:00,2,2025-07-15,2.029389955555555,8.117559822222221,8.117559822222226,15.000000000000000,900.000000000000000,100.000000000000000,1,900.000000000000000,100.000000000000000
p_l,L3,2025-07-15 01:45:00,20250715,14500,2025-07-15 02:45:00,2,2025-07-15,2.115189419444444,8.460757677777778,8.460757677777774,15.000000000000000,900.000000000000000,100.000000000000000,1,900.000000000000000,100.000000000000000
p_l,ALL,2025-07-15 01:45:00,20250715,14500,2025-07-15 02:45:00,2,2025-07-15,6.320330749999998,25.281322999999993,8.427107666666670,15.000000000000000,900.000000000000000,100.000000000000000,1,900.000000000000000,100.000000000000000
p_l,L1,2025-07-15 02:00:00,20250715,20000,2025-07-15 03:00:00,3,2025-07-15,2.181439636111110,8.725758544444439,8.725758544444439,15.000000000000000,900.000000000000000,100.000000000000000,1,900.000000000000000,100.000000000000000
p_l,L2,2025-07-15 02:00:00,20250715,20000,2025-07-15 03:00:00,3,2025-07-15,2.004386697222221,8.017546788888884,8.017546788888881,15.000000000000000,900.000000000000000,100.000000000000000,1,900.000000000000000,100.000000000000000
p_l,L3,2025-07-15 02:00:00,20250715,20000,2025-07-15 03:00:00,3,2025-07-15,2.102680138888889,8.410720555555557,8.410720555555557,15.000000000000000,900.000000000000000,100.000000000000000,1,900.000000000000000,100.000000000000000
p_l,ALL,2025-07-15 02:00:00,20250715,20000,2025-07-15 03:00:00,3,2025-07-15,6.288506472222220,25.154025888888881,8.384675296296292,15.000000000000000,900.000000000000000,100.000000000000000,1,900.000000000000000,100.000000000000000
p_l,L1,2025-07-15 02:15:00,20250715,21500,2025-07-15 03:15:00,3,2025-07-15,2.175476436111112,8.701905744444449,8.701905744444447,15.000000000000000,900.000000000000000,100.000000000000000,1,900.000000000000000,100.000000000000000
p_l,L2,2025-07-15 02:15:00,20250715,21500,2025-07-15 03:15:00,3,2025-07-15,2.022631669444444,8.090526677777778,8.090526677777776,15.000000000000000,900.000000000000000,100.000000000000000,1,900.000000000000000,100.000000000000000
p_l,L3,2025-07-15 02:15:00,20250715,21500,2025-07-15 03:15:00,3,2025-07-15,2.102786738888888,8.411146955555553,8.411146955555557,15.000000000000000,900.000000000000000,100.000000000000000,1,900.000000000000000,100.000000000000000
p_l,ALL,2025-07-15 02:15:00,20250715,21500,2025-07-15 03:15:00,3,2025-07-15,6.300894844444445,25.203579377777782,8.401193125925927,15.000000000000000,900.000000000000000,100.000000000000000,1,900.000000000000000,100.000000000000000
p_l,L1,2025-07-15 02:30:00,20250715,23000,2025-07-15 03:30:00,3,2025-07-15,2.207377233333335,8.829508933333340,8.829508933333331,15.000000000000000,900.000000000000000,100.000000000000000,1,900.000000000000000,100.000000000000000
p_l,L2,2025-07-15 02:30:00,20250715,23000,2025-07-15 03:30:00,3,2025-07-15,2.041966422222222,8.167865688888886,8.167865688888876,15.000000000000000,900.000000000000000,100.000000000000000,1,900.000000000000000,100.000000000000000
p_l,L3,2025-07-15 02:30:00,20250715,23000,2025-07-15 03:30:00,3,2025-07-15,2.139564469444444,8.558257877777775,8.558257877777782,15.000000000000000,900.000000000000000,100.000000000000000,1,900.000000000000000,100.000000000000000
p_l,ALL,2025-07-15 02:30:00,20250715,23000,2025-07-15 03:30:00,3,2025-07-15,6.388908125000000,25.555632500000002,8.518544166666665,15.000000000000000,900.000000000000000,100.000000000000000,1,900.000000000000000,100.000000000000000
p_l,L1,2025-07-15 02:45:00,20250715,24500,2025-07-15 03:45:00,3,2025-07-15,2.189713274999999,8.758853099999998,8.758853099999993,15.000000000000000,900.000000000000000,100.000000000000000,1,900.000000000000000,100.000000000000000
p_l,L2,2025-07-15 02:45:00,20250715,24500,2025-07-15 03:45:00,3,2025-07-15,2.032516544444446,8.130066177777783,8.130066177777778,15.000000000000000,900.000000000000000,100.000000000000000,1,900.000000000000000,100.000000000000000
p_l,L3,2025-07-15 02:45:00,20250715,24500,2025-07-15 03:45:00,3,2025-07-15,2.131546036111112,8.526184144444448,8.526184144444443,15.000000000000000,900.000000000000000,100.000000000000000,1,900.000000000000000,100.000000000000000
p_l,ALL,2025-07-15 02:45:00,20250715,24500,2025-07-15 03:45:00,3,2025-07-15,6.353775855555558,25.415103422222231,8.471701140740738,15.000000000000000,900.000000000000000,100.000000000000000,1,900.000000000000000,100.000000000000000
p_l,L1,2025-07-15 03:00:00,20250715,30000,2025-07-15 04:00:00,4,2025-07-15,2.206380677777778,8.825522711111111,8.825522711111113,15.000000000000000,900.000000000000000,100.000000000000000,1,900.000000000000000,100.000000000000000
p_l,L2,2025-07-15 03:00:00,20250715,30000,2025-07-15 04:00:00,4,2025-07-15,2.032261941666667,8.129047766666668,8.129047766666666,15.000000000000000,900.000000000000000,100.000000000000000,1,900.000000000000000,100.000000000000000
p_l,L3,2025-07-15 03:00:00,20250715,30000,2025-07-15 04:00:00,4,2025-07-15,2.122359894444446,8.489439577777782,8.489439577777778,15.000000000000000,900.000000000000000,100.000000000000000,1,900.000000000000000,100.000000000000000
p_l,ALL,2025-07-15 03:00:00,20250715,30000,2025-07-15 04:00:00,4,2025-07-15,6.361002513888890,25.444010055555559,8.481336685185186,15.000000000000000,900.000000000000000,100.000000000000000,1,900.000000000000000,100.000000000000000
p_l,L1,2025-07-15 03:15:00,20250715,31500,2025-07-15 04:15:00,4,2025-07-15,2.185840447222223,8.743361788888894,8.743361788888885,15.000000000000000,900.000000000000000,100.000000000000000,1,900.000000000000000,100.000000000000000
p_l,L2,2025-07-15 03:15:00,20250715,31500,2025-07-15 04:15:00,4,2025-07-15,2.020408547222221,8.081634188888884,8.081634188888886,15.000000000000000,900.000000000000000,100.000000000000000,1,900.000000000000000,100.000000000000000
p_l,L3,2025-07-15 03:15:00,20250715,31500,2025-07-15 04:15:00,4,2025-07-15,2.112302477777777,8.449209911111110,8.449209911111112,15.000000000000000,900.000000000000000,100.000000000000000,1,900.000000000000000,100.000000000000000
p_l,ALL,2025-07-15 03:15:00,20250715,31500,2025-07-15 04:15:00,4,2025-07-15,6.318551472222222,25.274205888888886,8.424735296296294,15.000000000000000,900.000000000000000,100.000000000000000,1,900.000000000000000,100.000000000000000
p_l,L1,2025-07-15 03:30:00,20250715,33000,2025-07-15 04:30:00,4,2025-07-15,2.192868608333333,8.771474433333331,8.771474433333333,15.000000000000000,900.000000000000000,100.000000000000000,1,900.000000000000000,100.000000000000000
p_l,L2,2025-07-15 03:30:00,20250715,33000,2025-07-15 04:30:00,4,2025-07-15,2.017106036111112,8.068424144444450,8.068424144444450,15.000000000000000,900.000000000000000,100.000000000000000,1,900.000000000000000,100.000000000000000
p_l,L3,2025-07-15 03:30:00,20250715,33000,2025-07-15 04:30:00,4,2025-07-15,2.123762908333334,8.495051633333334,8.495051633333327,15.000000000000000,900.000000000000000,100.000000000000000,1,900.000000000000000,100.000000000000000
p_l,ALL,2025-07-15 03:30:00,20250715,33000,2025-07-15 04:30:00,4,2025-07-15,6.333737552777778,25.334950211111114,8.444983403703704,15.000000000000000,900.000000000000000,100.000000000000000,1,900.000000000000000,100.000000000000000
p_l,L1,2025-07-15 03:45:00,20250715,34500,2025-07-15 04:45:00,4,2025-07-15,2.193664297222221,8.774657188888884,8.774657188888890,15.000000000000000,900.000000000000000,100.000000000000000,1,900.000000000000000,100.000000000000000
p_l,L2,2025-07-15 03:45:00,20250715,34500,2025-07-15 04:45:00,4,2025-07-15,2.041074066666666,8.164296266666666,8.164296266666662,15.000000000000000,900.000000000000000,100.000000000000000,1,900.000000000000000,100.000000000000000
p_l,L3,2025-07-15 03:45:00,20250715,34500,2025-07-15 04:45:00,4,2025-07-15,2.111381944444446,8.445527777777784,8.445527777777780,15.000000000000000,900.000000000000000,100.000000000000000,1,900.000000000000000,100.000000000000000
p_l,ALL,2025-07-15 03:45:00,20250715,34500,2025-07-15 04:45:00,4,2025-07-15,6.346120308333334,25.384481233333336,8.461493744444445,15.000000000000000,900.000000000000000,100.000000000000000,1,900.000000000000000,100.000000000000000
p_l,L1,2025-07-15 04:00:00,20250715,40000,2025-07-15 05:00:00,5,2025-07-15,2.190776888888888,8.763107555555553,8.763107555555562,15.000000000000000,900.000000000000000,100.000000000000000,1,900.000000000000000,100.000000000000000
p_l,L2,2025-07-15 04:00:00,20250715,40000,2025-07-15 05:00:00,5,2025-07-15,2.023761638888890,8.095046555555559,8.095046555555550,15.000000000000000,900.000000000000000,100.000000000000000,1,900.000000000000000,100.000000000000000
p_l,L3,2025-07-15 04:00:00,20250715,40000,2025-07-15 05:00:00,5,2025-07-15,2.101073808333333,8.404295233333333,8.404295233333336,15.000000000000000,900.000000000000000,100.000000000000000,1,900.000000000000000,100.000000000000000
p_l,ALL,2025-07-15 04:00:00,20250715,40000,2025-07-15 05:00:00,5,2025-07-15,6.315612336111111,25.262449344444445,8.420816448148150,15.000000000000000,900.000000000000000,100.000000000000000,1,900.000000000000000,100.000000000000000
p_l,L1,2025-07-15 04:15:00,20250715,41500,2025-07-15 05:15:00,5,2025-07-15,2.185013297222222,8.740053188888888,8.740053188888893,15.000000000000000,900.000000000000000,100.000000000000000,1,900.000000000000000,100.000000000000000
p_l,L2,2025-07-15 04:15:00,20250715,41500,2025-07-15 05:15:00,5,2025-07-15,2.019333258333333,8.077333033333334,8.077333033333328,15.000000000000000,900.000000000000000,100.000000000000000,1,900.000000000000000,100.000000000000000
p_l,L3,2025-07-15 04:15:00,20250715,41500,2025-07-15 05:15:00,5,2025-07-15,2.102023391666665,8.408093566666661,8.408093566666670,15.000000000000000,900.000000000000000,100.000000000000000,1,900.000000000000000,100.000000000000000
p_l,ALL,2025-07-15 04:15:00,20250715,41500,2025-07-15 05:15:00,5,2025-07-15,6.306369947222221,25.225479788888883,8.408493262962963,15.000000000000000,900.000000000000000,100.000000000000000,1,900.000000000000000,100.000000000000000
p_l,L1,2025-07-15 04:30:00,20250715,43000,2025-07-15 05:30:00,5,2025-07-15,2.215005375000000,8.860021500000002,8.860021499999997,15.000000000000000,900.000000000000000,100.000000000000000,1,900.000000000000000,100.000000000000000
p_l,L2,2025-07-15 04:30:00,20250715,43000,2025-07-15 05:30:00,5,2025-07-15,2.077364902777779,8.309459611111114,8.309459611111112,15.000000000000000,900.000000000000000,100.000000000000000,1,900.000000000000000,100.000000000000000
p_l,L3,2025-07-15 04:30:00,20250715,43000,2025-07-15 05:30:00,5,2025-07-15,2.142472877777777,8.569891511111109,8.569891511111118,15.000000000000000,900.000000000000000,100.000000000000000,1,900.000000000000000,100.000000000000000
p_l,ALL,2025-07-15 04:30:00,20250715,43000,2025-07-15 05:30:00,5,2025-07-15,6.434843155555557,25.739372622222227,8.579790874074074,15.000000000000000,900.000000000000000,100.000000000000000,1,900.000000000000000,100.000000000000000
p_l,L1,2025-07-15 04:45:00,20250715,44500,2025-07-15 05:45:00,5,2025-07-15,2.214621105555556,8.858484422222224,8.858484422222224,15.000000000000000,900.000000000000000,100.000000000000000,1,900.000000000000000,100.000000000000000
p_l,L2,2025-07-15 04:45:00,20250715,44500,2025-07-15 05:45:00,5,2025-07-15,2.081342224999998,8.325368899999994,8.325368900000001,15.000000000000000,900.000000000000000,100.000000000000000,1,900.000000000000000,100.000000000000000
p_l,L3,2025-07-15 04:45:00,20250715,44500,2025-07-15 05:45:00,5,2025-07-15,2.130643799999998,8.522575199999991,8.522575200000000,15.000000000000000,900.000000000000000,100.000000000000000,1,900.000000000000000,100.000000000000000
p_l,ALL,2025-07-15 04:45:00,20250715,44500,2025-07-15 05:45:00,5,2025-07-15,6.426607130555553,25.706428522222211,8.568809507407408,15.000000000000000,900.000000000000000,100.000000000000000,1,900.000000000000000,100.000000000000000
p_l,L1,2025-07-15 05:00:00,20250715,50000,2025-07-15 06:00:00,6,2025-07-15,2.203897080555556,8.815588322222224,8.815588322222220,15.000000000000000,900.000000000000000,100.000000000000000,1,900.000000000000000,100.000000000000000
p_l,L2,2025-07-15 05:00:00,20250715,50000,2025-07-15 06:00:00,6,2025-07-15,2.067183672222222,8.268734688888888,8.268734688888895,15.000000000000000,900.000000000000000,100.000000000000000,1,900.000000000000000,100.000000000000000
p_l,L3,2025-07-15 05:00:00,20250715,50000,2025-07-15 06:00:00,6,2025-07-15,2.093480774999999,8.373923099999997,8.373923099999994,15.000000000000000,900.000000000000000,100.000000000000000,1,900.000000000000000,100.000000000000000
p_l,ALL,2025-07-15 05:00:00,20250715,50000,2025-07-15 06:00:00,6,2025-07-15,6.364561527777777,25.458246111111109,8.486082037037036,15.000000000000000,900.000000000000000,100.000000000000000,1,900.000000000000000,100.000000000000000
p_l,L1,2025-07-15 05:15:00,20250715,51500,2025-07-15 06:15:00,6,2025-07-15,2.180804949999998,8.723219799999990,8.723219800000003,15.000000000000000,900.000000000000000,100.000000000000000,1,900.000000000000000,100.000000000000000
p_l,L2,2025-07-15 05:15:00,20250715,51500,2025-07-15 06:15:00,6,2025-07-15,2.039081338888886,8.156325355555543,8.156325355555564,15.000000000000000,900.000000000000000,100.000000000000000,1,900.000000000000000,100.000000000000000
p_l,L3,2025-07-15 05:15:00,20250715,51500,2025-07-15 06:15:00,6,2025-07-15,2.046954186111114,8.187816744444456,8.187816744444461,15.000000000000000,900.000000000000000,100.000000000000000,1,900.000000000000000,100.000000000000000
p_l,ALL,2025-07-15 05:15:00,20250715,51500,2025-07-15 06:15:00,6,2025-07-15,6.266840474999997,25.067361899999987,8.355787300000010,15.000000000000000,900.000000000000000,100.000000000000000,1,900.000000000000000,100.000000000000000
p_l,L1,2025-07-15 05:30:00,20250715,53000,2025-07-15 06:30:00,6,2025-07-15,2.065464330555558,8.261857322222230,8.261857322222221,15.000000000000000,900.000000000000000,100.000000000000000,1,900.000000000000000,100.000000000000000
p_l,L2,2025-07-15 05:30:00,20250715,53000,2025-07-15 06:30:00,6,2025-07-15,1.924100622222223,7.696402488888892,7.696402488888878,15.000000000000000,900.000000000000000,100.000000000000000,1,900.000000000000000,100.000000000000000
p_l,L3,2025-07-15 05:30:00,20250715,53000,2025-07-15 06:30:00,6,2025-07-15,1.959902783333335,7.839611133333340,7.839611133333334,15.000000000000000,900.000000000000000,100.000000000000000,1,900.000000000000000,100.000000000000000
p_l,ALL,2025-07-15 05:30:00,20250715,53000,2025-07-15 06:30:00,6,2025-07-15,5.949467736111115,23.797870944444462,7.932623648148144,15.000000000000000,900.000000000000000,100.000000000000000,1,900.000000000000000,100.000000000000000
p_l,L1,2025-07-15 05:45:00,20250715,54500,2025-07-15 06:45:00,6,2025-07-15,0.000000000000000,0.000000000000000,0.000000000000000,15.000000000000000,900.000000000000000,100.000000000000000,1,900.000000000000000,100.000000000000000
p_l,L2,2025-07-15 05:45:00,20250715,54500,2025-07-15 06:45:00,6,2025-07-15,0.015357500000000,0.061430000000000,0.061430000000000,15.000000000000000,900.000000000000000,100.000000000000000,1,900.000000000000000,100.000000000000000
p_l,L3,2025-07-15 05:45:00,20250715,54500,2025-07-15 06:45:00,6,2025-07-15,0.010507500000000,0.042030000000000,0.042030000000000,15.000000000000000,900.000000000000000,100.000000000000000,1,900.000000000000000,100.000000000000000
p_l,ALL,2025-07-15 05:45:00,20250715,54500,2025-07-15 06:45:00,6,2025-07-15,0.025865000000000,0.103460000000000,0.034486666666667,15.000000000000000,900.000000000000000,100.000000000000000,1,900.000000000000000,100.000000000000000
p_l,L1,2025-07-15 06:00:00,20250715,60000,2025-07-15 07:00:00,7,2025-07-15,0.000000000000000,0.000000000000000,0.000000000000000,15.000000000000000,900.000000000000000,100.000000000000000,1,900.000000000000000,100.000000000000000
p_l,L2,2025-07-15 06:00:00,20250715,60000,2025-07-15 07:00:00,7,2025-07-15,0.015357500000000,0.061430000000000,0.061430000000000,15.000000000000000,900.000000000000000,100.000000000000000,1,900.000000000000000,100.000000000000000
p_l,L3,2025-07-15 06:00:00,20250715,60000,2025-07-15 07:00:00,7,2025-07-15,0.010507500000000,0.042030000000000,0.042030000000000,15.000000000000000,900.000000000000000,100.000000000000000,1,900.000000000000000,100.000000000000000
p_l,ALL,2025-07-15 06:00:00,20250715,60000,2025-07-15 07:00:00,7,2025-07-15,0.025865000000000,0.103460000000000,0.034486666666667,15.000000000000000,900.000000000000000,100.000000000000000,1,900.000000000000000,100.000000000000000
p_l,L1,2025-07-15 06:15:00,20250715,61500,2025-07-15 07:15:00,7,2025-07-15,0.000000000000000,0.000000000000000,0.000000000000000,15.000000000000000,900.000000000000000,100.000000000000000,1,900.000000000000000,100.000000000000000
p_l,L2,2025-07-15 06:15:00,20250715,61500,2025-07-15 07:15:00,7,2025-07-15,0.015357500000000,0.061430000000000,0.061430000000000,15.000000000000000,900.000000000000000,100.000000000000000,1,900.000000000000000,100.000000000000000
p_l,L3,2025-07-15 06:15:00,20250715,61500,2025-07-15 07:15:00,7,2025-07-15,0.010507500000000,0.042030000000000,0.042030000000000,15.000000000000000,900.000000000000000,100.000000000000000,1,900.000000000000000,100.000000000000000
p_l,ALL,2025-07-15 06:15:00,20250715,61500,2025-07-15 07:15:00,7,2025-07-15,0.025865000000000,0.103460000000000,0.034486666666667,15.000000000000000,900.000000000000000,100.000000000000000,1,900.000000000000000,100.000000000000000
p_l,L1,2025-07-15 06:30:00,20250715,63000,2025-07-15 07:30:00,7,2025-07-15,0.444809691666667,1.779238766666667,1.779238766666666,15.000000000000000,900.000000000000000,100.000000000000000,1,900.000000000000000,100.000000000000000
p_l,L2,2025-07-15 06:30:00,20250715,63000,2025-07-15 07:30:00,7,2025-07-15,0.408105850000000,1.632423400000000,1.632423400000001,15.000000000000000,900.000000000000000,100.000000000000000,1,900.000000000000000,100.000000000000000
p_l,L3,2025-07-15 06:30:00,20250715,63000,2025-07-15 07:30:00,7,2025-07-15,0.426288772222223,1.705155088888891,1.705155088888888,15.000000000000000,900.000000000000000,100.000000000000000,1,900.000000000000000,100.000000000000000
p_l,ALL,2025-07-15 06:30:00,20250715,63000,2025-07-15 07:30:00,7,2025-07-15,1.279204313888890,5.116817255555558,1.705605751851851,15.000000000000000,900.000000000000000,100.000000000000000,1,900.000000000000000,100.000000000000000
p_l,L1,2025-07-15 06:45:00,20250715,64500,2025-07-15 07:45:00,7,2025-07-15,1.744857030555556,6.979428122222223,6.979428122222227,15.000000000000000,900.000000000000000,100.000000000000000,1,900.000000000000000,100.000000000000000
p_l,L2,2025-07-15 06:45:00,20250715,64500,2025-07-15 07:45:00,7,2025-07-15,1.606451683333335,6.425806733333339,6.425806733333335,15.000000000000000,900.000000000000000,100.000000000000000,1,900.000000000000000,100.000000000000000
p_l,L3,2025-07-15 06:45:00,20250715,64500,2025-07-15 07:45:00,7,2025-07-15,1.663743497222222,6.654973988888890,6.654973988888893,15.000000000000000,900.000000000000000,100.000000000000000,1,900.000000000000000,100.000000000000000
p_l,ALL,2025-07-15 06:45:00,20250715,64500,2025-07-15 07:45:00,7,2025-07-15,5.015052211111113,20.060208844444453,6.686736281481485,15.000000000000000,900.000000000000000,100.000000000000000,1,900.000000000000000,100.000000000000000
p_l,L1,2025-07-15 07:00:00,20250715,70000,2025-07-15 08:00:00,8,2025-07-15,0.352881458333333,1.411525833333333,1.411525833333332,15.000000000000000,900.000000000000000,100.000000000000000,1,900.000000000000000,100.000000000000000
p_l,L2,2025-07-15 07:00:00,20250715,70000,2025-07-15 08:00:00,8,2025-07-15,0.319849247222222,1.279396988888887,1.279396988888891,15.000000000000000,900.000000000000000,100.000000000000000,1,900.000000000000000,100.000000000000000
p_l,L3,2025-07-15 07:00:00,20250715,70000,2025-07-15 08:00:00,8,2025-07-15,0.335462772222223,1.341851088888890,1.341851088888890,15.000000000000000,900.000000000000000,100.000000000000000,1,900.000000000000000,100.000000000000000
p_l,ALL,2025-07-15 07:00:00,20250715,70000,2025-07-15 08:00:00,8,2025-07-15,1.008193477777778,4.032773911111111,1.344257970370371,15.000000000000000,900.000000000000000,100.000000000000000,1,900.000000000000000,100.000000000000000
p_l,L1,2025-07-15 07:15:00,20250715,71500,2025-07-15 08:15:00,8,2025-07-15,0.531555000000003,2.126220000000011,2.126220000000011,15.000000000000000,900.000000000000000,100.000000000000000,1,900.000000000000000,100.000000000000000
p_l,L2,2025-07-15 07:15:00,20250715,71500,2025-07-15 08:15:00,8,2025-07-15,0.224570000000001,0.898280000000005,0.898280000000000,15.000000000000000,900.000000000000000,100.000000000000000,1,900.000000000000000,100.000000000000000
p_l,L3,2025-07-15 07:15:00,20250715,71500,2025-07-15 08:15:00,8,2025-07-15,0.486470000000002,1.945880000000008,1.945879999999993,15.000000000000000,900.000000000000000,100.000000000000000,1,900.000000000000000,100.000000000000000
p_l,ALL,2025-07-15 07:15:00,20250715,71500,2025-07-15 08:15:00,8,2025-07-15,1.242595000000006,4.970380000000024,1.656793333333334,15.000000000000000,900.000000000000000,100.000000000000000,1,900.000000000000000,100.000000000000000
p_l,L1,2025-07-15 07:30:00,20250715,73000,2025-07-15 08:30:00,8,2025-07-15,0.236725455555556,0.946901822222222,0.946901822222222,15.000000000000000,900.000000000000000,100.000000000000000,1,900.000000000000000,100.000000000000000
p_l,L2,2025-07-15 07:30:00,20250715,73000,2025-07-15 08:30:00,8,2025-07-15,0.165788961111111,0.663155844444445,0.663155844444445,15.000000000000000,900.000000000000000,100.000000000000000,1,900.000000000000000,100.000000000000000
p_l,L3,2025-07-15 07:30:00,20250715,73000,2025-07-15 08:30:00,8,2025-07-15,0.219388280555556,0.877553122222222,0.877553122222221,15.000000000000000,900.000000000000000,100.000000000000000,1,900.000000000000000,100.000000000000000
p_l,ALL,2025-07-15 07:30:00,20250715,73000,2025-07-15 08:30:00,8,2025-07-15,0.621902697222222,2.487610788888889,0.829203596296296,15.000000000000000,900.000000000000000,100.000000000000000,1,900.000000000000000,100.000000000000000
p_l,L1,2025-07-15 07:45:00,20250715,74500,2025-07-15 08:45:00,8,2025-07-15,0.193209183333333,0.772836733333333,0.772836733333334,15.000000000000000,900.000000000000000,100.000000000000000,1,900.000000000000000,100.000000000000000
p_l,L2,2025-07-15 07:45:00,20250715,74500,2025-07-15 08:45:00,8,2025-07-15,0.158158755555556,0.632635022222223,0.632635022222222,15.000000000000000,900.000000000000000,100.000000000000000,1,900.000000000000000,100.000000000000000
p_l,L3,2025-07-15 07:45:00,20250715,74500,2025-07-15 08:45:00,8,2025-07-15,0.181510458333333,0.726041833333333,0.726041833333334,15.000000000000000,900.000000000000000,100.000000000000000,1,900.000000000000000,100.000000000000000
p_l,ALL,2025-07-15 07:45:00,20250715,74500,2025-07-15 08:45:00,8,2025-07-15,0.532878397222223,2.131513588888890,0.710504529629630,15.000000000000000,900.000000000000000,100.000000000000000,1,900.000000000000000,100.000000000000000
p_l,L1,2025-07-15 08:00:00,20250715,80000,2025-07-15 09:00:00,9,2025-07-15,0.196376855555555,0.785507422222221,0.785507422222222,15.000000000000000,900.000000000000000,100.000000000000000,1,900.000000000000000,100.000000000000000
p_l,L2,2025-07-15 08:00:00,20250715,80000,2025-07-15 09:00:00,9,2025-07-15,0.156487641666667,0.625950566666666,0.625950566666667,15.000000000000000,900.000000000000000,100.000000000000000,1,900.000000000000000,100.000000000000000
p_l,L3,2025-07-15 08:00:00,20250715,80000,2025-07-15 09:00:00,9,2025-07-15,0.181431880555555,0.725727522222222,0.725727522222222,15.000000000000000,900.000000000000000,100.000000000000000,1,900.000000000000000,100.000000000000000
p_l,ALL,2025-07-15 08:00:00,20250715,80000,2025-07-15 09:00:00,9,2025-07-15,0.534296377777777,2.137185511111110,0.712395170370370,15.000000000000000,900.000000000000000,100.000000000000000,1,900.000000000000000,100.000000000000000
p_l,L1,2025-07-15 08:15:00,20250715,81500,2025-07-15 09:15:00,9,2025-07-15,0.373260533333333,1.493042133333334,1.493042133333333,15.000000000000000,900.000000000000000,100.000000000000000,1,900.000000000000000,100.000000000000000
p_l,L2,2025-07-15 08:15:00,20250715,81500,2025-07-15 09:15:00,9,2025-07-15,0.328444027777778,1.313776111111111,1.313776111111112,15.000000000000000,900.000000000000000,100.000000000000000,1,900.000000000000000,100.000000000000000
p_l,L3,2025-07-15 08:15:00,20250715,81500,2025-07-15 09:15:00,9,2025-07-15,0.358200591666667,1.432802366666666,1.432802366666670,15.000000000000000,900.000000000000000,100.000000000000000,1,900.000000000000000,100.000000000000000
p_l,ALL,2025-07-15 08:15:00,20250715,81500,2025-07-15 09:15:00,9,2025-07-15,1.059905152777778,4.239620611111111,1.413206870370372,15.000000000000000,900.000000000000000,100.000000000000000,1,900.000000000000000,100.000000000000000
p_l,L1,2025-07-15 08:30:00,20250715,83000,2025-07-15 09:30:00,9,2025-07-15,1.439378675000000,5.757514699999999,5.757514700000003,15.000000000000000,900.000000000000000,100.000000000000000,1,900.000000000000000,100.000000000000000
p_l,L2,2025-07-15 08:30:00,20250715,83000,2025-07-15 09:30:00,9,2025-07-15,1.287941458333333,5.151765833333332,5.151765833333337,15.000000000000000,900.000000000000000,100.000000000000000,1,900.000000000000000,100.000000000000000
p_l,L3,2025-07-15 08:30:00,20250715,83000,2025-07-15 09:30:00,9,2025-07-15,1.386938908333332,5.547755633333329,5.547755633333333,15.000000000000000,900.000000000000000,100.000000000000000,1,900.000000000000000,100.000000000000000
p_l,ALL,2025-07-15 08:30:00,20250715,83000,2025-07-15 09:30:00,9,2025-07-15,4.114259041666665,16.457036166666661,5.485678722222224,15.000000000000000,900.000000000000000,100.000000000000000,1,900.000000000000000,100.000000000000000
p_l,L1,2025-07-15 08:45:00,20250715,84500,2025-07-15 09:45:00,9,2025-07-15,2.142846791666667,8.571387166666669,8.571387166666668,15.000000000000000,900.000000000000000,100.000000000000000,1,900.000000000000000,100.000000000000000
p_l,L2,2025-07-15 08:45:00,20250715,84500,2025-07-15 09:45:00,9,2025-07-15,1.931638025000001,7.726552100000003,7.726552100000002,15.000000000000000,900.000000000000000,100.000000000000000,1,900.000000000000000,100.000000000000000
p_l,L3,2025-07-15 08:45:00,20250715,84500,2025-07-15 09:45:00,9,2025-07-15,2.061680883333332,8.246723533333327,8.246723533333341,15.000000000000000,900.000000000000000,100.000000000000000,1,900.000000000000000,100.000000000000000
p_l,ALL,2025-07-15 08:45:00,20250715,84500,2025-07-15 09:45:00,9,2025-07-15,6.136165700000000,24.544662800000001,8.181554266666671,15.000000000000000,900.000000000000000,100.000000000000000,1,900.000000000000000,100.000000000000000
p_l,L1,2025-07-15 09:00:00,20250715,90000,2025-07-15 10:00:00,10,2025-07-15,2.168815683333334,8.675262733333337,8.675262733333330,15.000000000000000,900.000000000000000,100.000000000000000,1,900.000000000000000,100.000000000000000
p_l,L2,2025-07-15 09:00:00,20250715,90000,2025-07-15 10:00:00,10,2025-07-15,1.941282752777778,7.765131011111111,7.765131011111108,15.000000000000000,900.000000000000000,100.000000000000000,1,900.000000000000000,100.000000000000000
p_l,L3,2025-07-15 09:00:00,20250715,90000,2025-07-15 10:00:00,10,2025-07-15,2.072189688888888,8.288758755555550,8.288758755555557,15.000000000000000,900.000000000000000,100.000000000000000,1,900.000000000000000,100.000000000000000
p_l,ALL,2025-07-15 09:00:00,20250715,90000,2025-07-15 10:00:00,10,2025-07-15,6.182288125000000,24.729152500000001,8.243050833333333,15.000000000000000,900.000000000000000,100.000000000000000,1,900.000000000000000,100.000000000000000
p_l,L1,2025-07-15 09:15:00,20250715,91500,2025-07-15 10:15:00,10,2025-07-15,2.043759277777777,8.175037111111109,8.175037111111124,15.000000000000000,900.000000000000000,100.000000000000000,1,900.000000000000000,100.000000000000000
p_l,L2,2025-07-15 09:15:00,20250715,91500,2025-07-15 10:15:00,10,2025-07-15,1.849934538888890,7.399738155555559,7.399738155555540,15.000000000000000,900.000000000000000,100.000000000000000,1,900.000000000000000,100.000000000000000
p_l,L3,2025-07-15 09:15:00,20250715,91500,2025-07-15 10:15:00,10,2025-07-15,1.928802405555555,7.715209622222222,7.715209622222238,15.000000000000000,900.000000000000000,100.000000000000000,1,900.000000000000000,100.000000000000000
p_l,ALL,2025-07-15 09:15:00,20250715,91500,2025-07-15 10:15:00,10,2025-07-15,5.822496222222222,23.289984888888888,7.763328296296301,15.000000000000000,900.000000000000000,100.000000000000000,1,900.000000000000000,100.000000000000000
p_l,L1,2025-07-15 09:30:00,20250715,93000,2025-07-15 10:30:00,10,2025-07-15,2.150506625000000,8.602026500000001,8.602026499999996,15.000000000000000,900.000000000000000,100.000000000000000,1,900.000000000000000,100.000000000000000
p_l,L2,2025-07-15 09:30:00,20250715,93000,2025-07-15 10:30:00,10,2025-07-15,1.911465844444445,7.645863377777782,7.645863377777783,15.000000000000000,900.000000000000000,100.000000000000000,1,900.000000000000000,100.000000000000000
p_l,L3,2025-07-15 09:30:00,20250715,93000,2025-07-15 10:30:00,10,2025-07-15,2.033719980555556,8.134879922222224,8.134879922222220,15.000000000000000,900.000000000000000,100.000000000000000,1,900.000000000000000,100.000000000000000
p_l,ALL,2025-07-15 09:30:00,20250715,93000,2025-07-15 10:30:00,10,2025-07-15,6.095692450000002,24.382769800000009,8.127589933333333,15.000000000000000,900.000000000000000,100.000000000000000,1,900.000000000000000,100.000000000000000
p_l,L1,2025-07-15 09:45:00,20250715,94500,2025-07-15 10:45:00,10,2025-07-15,2.132208038888888,8.528832155555554,8.528832155555564,15.000000000000000,900.000000000000000,100.000000000000000,1,900.000000000000000,100.000000000000000
p_l,L2,2025-07-15 09:45:00,20250715,94500,2025-07-15 10:45:00,10,2025-07-15,1.879782094444446,7.519128377777784,7.519128377777776,15.000000000000000,900.000000000000000,100.000000000000000,1,900.000000000000000,100.000000000000000
p_l,L3,2025-07-15 09:45:00,20250715,94500,2025-07-15 10:45:00,10,2025-07-15,2.033588136111111,8.134352544444443,8.134352544444450,15.000000000000000,900.000000000000000,100.000000000000000,1,900.000000000000000,100.000000000000000
p_l,ALL,2025-07-15 09:45:00,20250715,94500,2025-07-15 10:45:00,10,2025-07-15,6.045578269444445,24.182313077777781,8.060771025925931,15.000000000000000,900.000000000000000,100.000000000000000,1,900.000000000000000,100.000000000000000
p_l,L1,2025-07-15 10:00:00,20250715,100000,2025-07-15 11:00:00,11,2025-07-15,2.165371049999999,8.661484199999995,8.661484200000002,15.000000000000000,900.000000000000000,100.000000000000000,1,900.000000000000000,100.000000000000000
p_l,L2,2025-07-15 10:00:00,20250715,100000,2025-07-15 11:00:00,11,2025-07-15,1.899018341666667,7.596073366666666,7.596073366666667,15.000000000000000,900.000000000000000,100.000000000000000,1,900.000000000000000,100.000000000000000
p_l,L3,2025-07-15 10:00:00,20250715,100000,2025-07-15 11:00:00,11,2025-07-15,2.038635305555554,8.154541222222216,8.154541222222219,15.000000000000000,900.000000000000000,100.000000000000000,1,900.000000000000000,100.000000000000000
p_l,ALL,2025-07-15 10:00:00,20250715,100000,2025-07-15 11:00:00,11,2025-07-15,6.103024697222219,24.412098788888876,8.137366262962962,15.000000000000000,900.000000000000000,100.000000000000000,1,900.000000000000000,100.000000000000000
p_l,L1,2025-07-15 10:15:00,20250715,101500,2025-07-15 11:15:00,11,2025-07-15,2.152026288888888,8.608105155555551,8.608105155555556,15.000000000000000,900.000000000000000,100.000000000000000,1,900.000000000000000,100.000000000000000
p_l,L2,2025-07-15 10:15:00,20250715,101500,2025-07-15 11:15:00,11,2025-07-15,1.922298758333332,7.689195033333326,7.689195033333333,15.000000000000000,900.000000000000000,100.000000000000000,1,900.000000000000000,100.000000000000000
p_l,L3,2025-07-15 10:15:00,20250715,101500,2025-07-15 11:15:00,11,2025-07-15,2.033804288888889,8.135217155555557,8.135217155555560,15.000000000000000,900.000000000000000,100.000000000000000,1,900.000000000000000,100.000000000000000
p_l,ALL,2025-07-15 10:15:00,20250715,101500,2025-07-15 11:15:00,11,2025-07-15,6.108129336111109,24.432517344444435,8.144172448148149,15.000000000000000,900.000000000000000,100.000000000000000,1,900.000000000000000,100.000000000000000
p_l,L1,2025-07-15 10:30:00,20250715,103000,2025-07-15 11:30:00,11,2025-07-15,2.108429849999999,8.433719399999998,8.433719400000001,15.000000000000000,900.000000000000000,100.000000000000000,1,900.000000000000000,100.000000000000000
p_l,L2,2025-07-15 10:30:00,20250715,103000,2025-07-15 11:30:00,11,2025-07-15,1.909111600000000,7.636446400000000,7.636446400000003,15.000000000000000,900.000000000000000,100.000000000000000,1,900.000000000000000,100.000000000000000
p_l,L3,2025-07-15 10:30:00,20250715,103000,2025-07-15 11:30:00,11,2025-07-15,2.015867244444445,8.063468977777781,8.063468977777775,15.000000000000000,900.000000000000000,100.000000000000000,1,900.000000000000000,100.000000000000000
p_l,ALL,2025-07-15 10:30:00,20250715,103000,2025-07-15 11:30:00,11,2025-07-15,6.033408694444445,24.133634777777779,8.044544925925926,15.000000000000000,900.000000000000000,100.000000000000000,1,900.000000000000000,100.000000000000000
p_l,L1,2025-07-15 10:45:00,20250715,104500,2025-07-15 11:45:00,11,2025-07-15,2.233002933333334,8.932011733333335,8.932011733333340,15.000000000000000,900.000000000000000,100.000000000000000,1,900.000000000000000,100.000000000000000
p_l,L2,2025-07-15 10:45:00,20250715,104500,2025-07-15 11:45:00,11,2025-07-15,1.988463283333334,7.953853133333335,7.953853133333332,15.000000000000000,900.000000000000000,100.000000000000000,1,900.000000000000000,100.000000000000000
p_l,L3,2025-07-15 10:45:00,20250715,104500,2025-07-15 11:45:00,11,2025-07-15,2.079024080555555,8.316096322222220,8.316096322222226,15.000000000000000,900.000000000000000,100.000000000000000,1,900.000000000000000,100.000000000000000
p_l,ALL,2025-07-15 10:45:00,20250715,104500,2025-07-15 11:45:00,11,2025-07-15,6.300490297222222,25.201961188888887,8.400653729629633,15.000000000000000,900.000000000000000,100.000000000000000,1,900.000000000000000,100.000000000000000
p_l,L1,2025-07-15 11:00:00,20250715,110000,2025-07-15 12:00:00,12,2025-07-15,2.224507827777777,8.898031311111110,8.898031311111099,15.000000000000000,900.000000000000000,100.000000000000000,1,900.000000000000000,100.000000000000000
p_l,L2,2025-07-15 11:00:00,20250715,110000,2025-07-15 12:00:00,12,2025-07-15,1.923945686111110,7.695782744444441,7.695782744444448,15.000000000000000,900.000000000000000,100.000000000000000,1,900.000000000000000,100.000000000000000
p_l,L3,2025-07-15 11:00:00,20250715,110000,2025-07-15 12:00:00,12,2025-07-15,2.038556377777777,8.154225511111109,8.154225511111109,15.000000000000000,900.000000000000000,100.000000000000000,1,900.000000000000000,100.000000000000000
p_l,ALL,2025-07-15 11:00:00,20250715,110000,2025-07-15 12:00:00,12,2025-07-15,6.187009891666666,24.748039566666662,8.249346522222218,15.000000000000000,900.000000000000000,100.000000000000000,1,900.000000000000000,100.000000000000000
p_l,L1,2025-07-15 11:15:00,20250715,111500,2025-07-15 12:15:00,12,2025-07-15,2.247154436111111,8.988617744444445,8.988617744444442,15.000000000000000,900.000000000000000,100.000000000000000,1,900.000000000000000,100.000000000000000
p_l,L2,2025-07-15 11:15:00,20250715,111500,2025-07-15 12:15:00,12,2025-07-15,1.951720086111111,7.806880344444442,7.806880344444441,15.000000000000000,900.000000000000000,100.000000000000000,1,900.000000000000000,100.000000000000000
p_l,L3,2025-07-15 11:15:00,20250715,111500,2025-07-15 12:15:00,12,2025-07-15,2.028351330555555,8.113405322222219,8.113405322222219,15.000000000000000,900.000000000000000,100.000000000000000,1,900.000000000000000,100.000000000000000
p_l,ALL,2025-07-15 11:15:00,20250715,111500,2025-07-15 12:15:00,12,2025-07-15,6.227225852777776,24.908903411111105,8.302967803703702,15.000000000000000,900.000000000000000,100.000000000000000,1,900.000000000000000,100.000000000000000
p_l,L1,2025-07-15 11:30:00,20250715,113000,2025-07-15 12:30:00,12,2025-07-15,2.194843252777778,8.779373011111113,8.779373011111113,15.000000000000000,900.000000000000000,100.000000000000000,1,900.000000000000000,100.000000000000000
p_l,L2,2025-07-15 11:30:00,20250715,113000,2025-07-15 12:30:00,12,2025-07-15,1.933028008333334,7.732112033333334,7.732112033333330,15.000000000000000,900.000000000000000,100.000000000000000,1,900.000000000000000,100.000000000000000
p_l,L3,2025-07-15 11:30:00,20250715,113000,2025-07-15 12:30:00,12,2025-07-15,2.016654099999999,8.066616399999996,8.066616400000008,15.000000000000000,900.000000000000000,100.000000000000000,1,900.000000000000000,100.000000000000000
p_l,ALL,2025-07-15 11:30:00,20250715,113000,2025-07-15 12:30:00,12,2025-07-15,6.144525361111111,24.578101444444442,8.192700481481483,15.000000000000000,900.000000000000000,100.000000000000000,1,900.000000000000000,100.000000000000000
p_l,L1,2025-07-15 11:45:00,20250715,114500,2025-07-15 12:45:00,12,2025-07-15,1.560899777777777,6.243599111111109,6.243599111111109,15.000000000000000,900.000000000000000,100.000000000000000,1,900.000000000000000,100.000000000000000
p_l,L2,2025-07-15 11:45:00,20250715,114500,2025-07-15 12:45:00,12,2025-07-15,1.344539725000000,5.378158899999999,5.378158899999996,15.000000000000000,900.000000000000000,100.000000000000000,1,900.000000000000000,100.000000000000000
p_l,L3,2025-07-15 11:45:00,20250715,114500,2025-07-15 12:45:00,12,2025-07-15,1.419406480555556,5.677625922222222,5.677625922222214,15.000000000000000,900.000000000000000,100.000000000000000,1,900.000000000000000,100.000000000000000
p_l,ALL,2025-07-15 11:45:00,20250715,114500,2025-07-15 12:45:00,12,2025-07-15,4.324845983333333,17.299383933333331,5.766461311111106,15.000000000000000,900.000000000000000,100.000000000000000,1,900.000000000000000,100.000000000000000
p_l,L1,2025-07-15 12:00:00,20250715,120000,2025-07-15 13:00:00,13,2025-07-15,0.198735513888889,0.794942055555555,0.794942055555556,15.000000000000000,900.000000000000000,100.000000000000000,1,900.000000000000000,100.000000000000000
p_l,L2,2025-07-15 12:00:00,20250715,120000,2025-07-15 13:00:00,13,2025-07-15,0.158483397222222,0.633933588888888,0.633933588888890,15.000000000000000,900.000000000000000,100.000000000000000,1,900.000000000000000,100.000000000000000
p_l,L3,2025-07-15 12:00:00,20250715,120000,2025-07-15 13:00:00,13,2025-07-15,0.184556608333333,0.738226433333333,0.738226433333333,15.000000000000000,900.000000000000000,100.000000000000000,1,900.000000000000000,100.000000000000000
p_l,ALL,2025-07-15 12:00:00,20250715,120000,2025-07-15 13:00:00,13,2025-07-15,0.541775519444444,2.167102077777777,0.722367359259259,15.000000000000000,900.000000000000000,100.000000000000000,1,900.000000000000000,100.000000000000000
p_l,L1,2025-07-15 12:15:00,20250715,121500,2025-07-15 13:15:00,13,2025-07-15,0.202292361111111,0.809169444444445,0.809169444444445,15.000000000000000,900.000000000000000,100.000000000000000,1,900.000000000000000,100.000000000000000
p_l,L2,2025-07-15 12:15:00,20250715,121500,2025-07-15 13:15:00,13,2025-07-15,0.161211080555556,0.644844322222222,0.644844322222222,15.000000000000000,900.000000000000000,100.000000000000000,1,900.000000000000000,100.000000000000000
p_l,L3,2025-07-15 12:15:00,20250715,121500,2025-07-15 13:15:00,13,2025-07-15,0.187598033333333,0.750392133333333,0.750392133333333,15.000000000000000,900.000000000000000,100.000000000000000,1,900.000000000000000,100.000000000000000
p_l,ALL,2025-07-15 12:15:00,20250715,121500,2025-07-15 13:15:00,13,2025-07-15,0.551101475000000,2.204405900000000,0.734801966666667,15.000000000000000,900.000000000000000,100.000000000000000,1,900.000000000000000,100.000000000000000
p_l,L1,2025-07-15 12:30:00,20250715,123000,2025-07-15 13:30:00,13,2025-07-15,0.191638063888889,0.766552255555555,0.766552255555555,15.000000000000000,900.000000000000000,100.000000000000000,1,900.000000000000000,100.000000000000000
p_l,L2,2025-07-15 12:30:00,20250715,123000,2025-07-15 13:30:00,13,2025-07-15,0.158279302777778,0.633117211111111,0.633117211111112,15.000000000000000,900.000000000000000,100.000000000000000,1,900.000000000000000,100.000000000000000
p_l,L3,2025-07-15 12:30:00,20250715,123000,2025-07-15 13:30:00,13,2025-07-15,0.177968963888889,0.711875855555556,0.711875855555556,15.000000000000000,900.000000000000000,100.000000000000000,1,900.000000000000000,100.000000000000000
p_l,ALL,2025-07-15 12:30:00,20250715,123000,2025-07-15 13:30:00,13,2025-07-15,0.527886330555555,2.111545322222222,0.703848440740741,15.000000000000000,900.000000000000000,100.000000000000000,1,900.000000000000000,100.000000000000000
p_l,L1,2025-07-15 12:45:00,20250715,124500,2025-07-15 13:45:00,13,2025-07-15,0.193358683333333,0.773434733333333,0.773434733333333,15.000000000000000,900.000000000000000,100.000000000000000,1,900.000000000000000,100.000000000000000
p_l,L2,2025-07-15 12:45:00,20250715,124500,2025-07-15 13:45:00,13,2025-07-15,0.156857647222222,0.627430588888889,0.627430588888889,15.000000000000000,900.000000000000000,100.000000000000000,1,900.000000000000000,100.000000000000000
p_l,L3,2025-07-15 12:45:00,20250715,124500,2025-07-15 13:45:00,13,2025-07-15,0.179590608333333,0.718362433333334,0.718362433333334,15.000000000000000,900.000000000000000,100.000000000000000,1,900.000000000000000,100.000000000000000
p_l,ALL,2025-07-15 12:45:00,20250715,124500,2025-07-15 13:45:00,13,2025-07-15,0.529806938888889,2.119227755555556,0.706409251851852,15.000000000000000,900.000000000000000,100.000000000000000,1,900.000000000000000,100.000000000000000
p_l,L1,2025-07-15 13:00:00,20250715,130000,2025-07-15 14:00:00,14,2025-07-15,0.192892541666667,0.771570166666667,0.771570166666667,15.000000000000000,900.000000000000000,100.000000000000000,1,900.000000000000000,100.000000000000000
p_l,L2,2025-07-15 13:00:00,20250715,130000,2025-07-15 14:00:00,14,2025-07-15,0.153560241666667,0.614240966666667,0.614240966666667,15.000000000000000,900.000000000000000,100.000000000000000,1,900.000000000000000,100.000000000000000
p_l,L3,2025-07-15 13:00:00,20250715,130000,2025-07-15 14:00:00,14,2025-07-15,0.180770533333333,0.723082133333333,0.723082133333334,15.000000000000000,900.000000000000000,100.000000000000000,1,900.000000000000000,100.000000000000000
p_l,ALL,2025-07-15 13:00:00,20250715,130000,2025-07-15 14:00:00,14,2025-07-15,0.527223316666667,2.108893266666667,0.702964422222223,15.000000000000000,900.000000000000000,100.000000000000000,1,900.000000000000000,100.000000000000000
p_l,L1,2025-07-15 13:15:00,20250715,131500,2025-07-15 14:15:00,14,2025-07-15,0.199707400000000,0.798829600000000,0.798829600000000,15.000000000000000,900.000000000000000,100.000000000000000,1,900.000000000000000,100.000000000000000
p_l,L2,2025-07-15 13:15:00,20250715,131500,2025-07-15 14:15:00,14,2025-07-15,0.162751972222222,0.651007888888889,0.651007888888889,15.000000000000000,900.000000000000000,100.000000000000000,1,900.000000000000000,100.000000000000000
p_l,L3,2025-07-15 13:15:00,20250715,131500,2025-07-15 14:15:00,14,2025-07-15,0.185731416666667,0.742925666666667,0.742925666666666,15.000000000000000,900.000000000000000,100.000000000000000,1,900.000000000000000,100.000000000000000
p_l,ALL,2025-07-15 13:15:00,20250715,131500,2025-07-15 14:15:00,14,2025-07-15,0.548190788888889,2.192763155555555,0.730921051851852,15.000000000000000,900.000000000000000,100.000000000000000,1,900.000000000000000,100.000000000000000
p_l,L1,2025-07-15 13:30:00,20250715,133000,2025-07-15 14:30:00,14,2025-07-15,0.174628819444444,0.698515277777778,0.698515277777778,15.000000000000000,900.000000000000000,100.000000000000000,1,900.000000000000000,100.000000000000000
p_l,L2,2025-07-15 13:30:00,20250715,133000,2025-07-15 14:30:00,14,2025-07-15,0.133154947222222,0.532619788888889,0.532619788888889,15.000000000000000,900.000000000000000,100.000000000000000,1,900.000000000000000,100.000000000000000
p_l,L3,2025-07-15 13:30:00,20250715,133000,2025-07-15 14:30:00,14,2025-07-15,0.161932577777778,0.647730311111111,0.647730311111112,15.000000000000000,900.000000000000000,100.000000000000000,1,900.000000000000000,100.000000000000000
p_l,ALL,2025-07-15 13:30:00,20250715,133000,2025-07-15 14:30:00,14,2025-07-15,0.469716344444444,1.878865377777777,0.626288459259259,15.000000000000000,900.000000000000000,100.000000000000000,1,900.000000000000000,100.000000000000000
p_l,L1,2025-07-15 13:45:00,20250715,134500,2025-07-15 14:45:00,14,2025-07-15,0.204753447222222,0.819013788888889,0.819013788888889,15.000000000000000,900.000000000000000,100.000000000000000,1,900.000000000000000,100.000000000000000
p_l,L2,2025-07-15 13:45:00,20250715,134500,2025-07-15 14:45:00,14,2025-07-15,0.173095044444444,0.692380177777778,0.692380177777779,15.000000000000000,900.000000000000000,100.000000000000000,1,900.000000000000000,100.000000000000000
p_l,L3,2025-07-15 13:45:00,20250715,134500,2025-07-15 14:45:00,14,2025-07-15,0.190712044444445,0.762848177777778,0.762848177777778,15.000000000000000,900.000000000000000,100.000000000000000,1,900.000000000000000,100.000000000000000
p_l,ALL,2025-07-15 13:45:00,20250715,134500,2025-07-15 14:45:00,14,2025-07-15,0.568560536111111,2.274242144444445,0.758080714814815,15.000000000000000,900.000000000000000,100.000000000000000,1,900.000000000000000,100.000000000000000
p_l,L1,2025-07-15 14:00:00,20250715,140000,2025-07-15 15:00:00,15,2025-07-15,0.206378408333333,0.825513633333333,0.825513633333334,15.000000000000000,900.000000000000000,100.000000000000000,1,900.000000000000000,100.000000000000000
p_l,L2,2025-07-15 14:00:00,20250715,140000,2025-07-15 15:00:00,15,2025-07-15,0.161751744444444,0.647006977777778,0.647006977777778,15.000000000000000,900.000000000000000,100.000000000000000,1,900.000000000000000,100.000000000000000
p_l,L3,2025-07-15 14:00:00,20250715,140000,2025-07-15 15:00:00,15,2025-07-15,0.189608588888889,0.758434355555555,0.758434355555556,15.000000000000000,900.000000000000000,100.000000000000000,1,900.000000000000000,100.000000000000000
p_l,ALL,2025-07-15 14:00:00,20250715,140000,2025-07-15 15:00:00,15,2025-07-15,0.557738741666667,2.230954966666666,0.743651655555556,15.000000000000000,900.000000000000000,100.000000000000000,1,900.000000000000000,100.000000000000000
p_l,L1,2025-07-15 14:15:00,20250715,141500,2025-07-15 15:15:00,15,2025-07-15,0.196350150000000,0.785400600000000,0.785400600000000,15.000000000000000,900.000000000000000,100.000000000000000,1,900.000000000000000,100.000000000000000
p_l,L2,2025-07-15 14:15:00,20250715,141500,2025-07-15 15:15:00,15,2025-07-15,0.158557855555555,0.634231422222221,0.634231422222223,15.000000000000000,900.000000000000000,100.000000000000000,1,900.000000000000000,100.000000000000000
p_l,L3,2025-07-15 14:15:00,20250715,141500,2025-07-15 15:15:00,15,2025-07-15,0.181149347222222,0.724597388888889,0.724597388888889,15.000000000000000,900.000000000000000,100.000000000000000,1,900.000000000000000,100.000000000000000
p_l,ALL,2025-07-15 14:15:00,20250715,141500,2025-07-15 15:15:00,15,2025-07-15,0.536057352777778,2.144229411111111,0.714743137037037,15.000000000000000,900.000000000000000,100.000000000000000,1,900.000000000000000,100.000000000000000
p_l,L1,2025-07-15 14:30:00,20250715,143000,2025-07-15 15:30:00,15,2025-07-15,0.184338788888889,0.737355155555556,0.737355155555556,15.000000000000000,900.000000000000000,100.000000000000000,1,900.000000000000000,100.000000000000000
p_l,L2,2025-07-15 14:30:00,20250715,143000,2025-07-15 15:30:00,15,2025-07-15,0.141801680555556,0.567206722222222,0.567206722222222,15.000000000000000,900.000000000000000,100.000000000000000,1,900.000000000000000,100.000000000000000
p_l,L3,2025-07-15 14:30:00,20250715,143000,2025-07-15 15:30:00,15,2025-07-15,0.172860900000000,0.691443600000000,0.691443600000000,15.000000000000000,900.000000000000000,100.000000000000000,1,900.000000000000000,100.000000000000000
p_l,ALL,2025-07-15 14:30:00,20250715,143000,2025-07-15 15:30:00,15,2025-07-15,0.499001369444445,1.996005477777778,0.665335159259259,15.000000000000000,900.000000000000000,100.000000000000000,1,900.000000000000000,100.000000000000000
p_l,L1,2025-07-15 14:45:00,20250715,144500,2025-07-15 15:45:00,15,2025-07-15,0.193467019444444,0.773868077777778,0.773868077777777,15.000000000000000,900.000000000000000,100.000000000000000,1,900.000000000000000,100.000000000000000
p_l,L2,2025-07-15 14:45:00,20250715,144500,2025-07-15 15:45:00,15,2025-07-15,0.149722730555556,0.598890922222222,0.598890922222223,15.000000000000000,900.000000000000000,100.000000000000000,1,900.000000000000000,100.000000000000000
p_l,L3,2025-07-15 14:45:00,20250715,144500,2025-07-15 15:45:00,15,2025-07-15,0.177671277777778,0.710685111111111,0.710685111111112,15.000000000000000,900.000000000000000,100.000000000000000,1,900.000000000000000,100.000000000000000
p_l,ALL,2025-07-15 14:45:00,20250715,144500,2025-07-15 15:45:00,15,2025-07-15,0.520861027777778,2.083444111111111,0.694481370370371,15.000000000000000,900.000000000000000,100.000000000000000,1,900.000000000000000,100.000000000000000
p_l,L1,2025-07-15 15:00:00,20250715,150000,2025-07-15 16:00:00,16,2025-07-15,0.185132050000000,0.740528200000000,0.740528199999999,15.000000000000000,900.000000000000000,100.000000000000000,1,900.000000000000000,100.000000000000000
p_l,L2,2025-07-15 15:00:00,20250715,150000,2025-07-15 16:00:00,16,2025-07-15,0.141161536111111,0.564646144444444,0.564646144444444,15.000000000000000,900.000000000000000,100.000000000000000,1,900.000000000000000,100.000000000000000
p_l,L3,2025-07-15 15:00:00,20250715,150000,2025-07-15 16:00:00,16,2025-07-15,0.173209641666667,0.692838566666667,0.692838566666667,15.000000000000000,900.000000000000000,100.000000000000000,1,900.000000000000000,100.000000000000000
p_l,ALL,2025-07-15 15:00:00,20250715,150000,2025-07-15 16:00:00,16,2025-07-15,0.499503227777778,1.998012911111111,0.666004303703704,15.000000000000000,900.000000000000000,100.000000000000000,1,900.000000000000000,100.000000000000000
p_l,L1,2025-07-15 15:15:00,20250715,151500,2025-07-15 16:15:00,16,2025-07-15,0.196153533333333,0.784614133333333,0.784614133333334,15.000000000000000,900.000000000000000,100.000000000000000,1,900.000000000000000,100.000000000000000
p_l,L2,2025-07-15 15:15:00,20250715,151500,2025-07-15 16:15:00,16,2025-07-15,0.148027008333333,0.592108033333333,0.592108033333334,15.000000000000000,900.000000000000000,100.000000000000000,1,900.000000000000000,100.000000000000000
p_l,L3,2025-07-15 15:15:00,20250715,151500,2025-07-15 16:15:00,16,2025-07-15,0.182472280555555,0.729889122222221,0.729889122222223,15.000000000000000,900.000000000000000,100.000000000000000,1,900.000000000000000,100.000000000000000
p_l,ALL,2025-07-15 15:15:00,20250715,151500,2025-07-15 16:15:00,16,2025-07-15,0.526652822222222,2.106611288888888,0.702203762962963,15.000000000000000,900.000000000000000,100.000000000000000,1,900.000000000000000,100.000000000000000
p_l,L1,2025-07-15 15:30:00,20250715,153000,2025-07-15 16:30:00,16,2025-07-15,0.189470538888889,0.757882155555555,0.757882155555555,15.000000000000000,900.000000000000000,100.000000000000000,1,900.000000000000000,100.000000000000000
p_l,L2,2025-07-15 15:30:00,20250715,153000,2025-07-15 16:30:00,16,2025-07-15,0.143735297222222,0.574941188888889,0.574941188888889,15.000000000000000,900.000000000000000,100.000000000000000,1,900.000000000000000,100.000000000000000
p_l,L3,2025-07-15 15:30:00,20250715,153000,2025-07-15 16:30:00,16,2025-07-15,0.179107961111111,0.716431844444444,0.716431844444444,15.000000000000000,900.000000000000000,100.000000000000000,1,900.000000000000000,100.000000000000000
p_l,ALL,2025-07-15 15:30:00,20250715,153000,2025-07-15 16:30:00,16,2025-07-15,0.512313797222222,2.049255188888888,0.683085062962963,15.000000000000000,900.000000000000000,100.000000000000000,1,900.000000000000000,100.000000000000000
p_l,L1,2025-07-15 15:45:00,20250715,154500,2025-07-15 16:45:00,16,2025-07-15,0.198145294444445,0.792581177777778,0.792581177777778,15.000000000000000,900.000000000000000,100.000000000000000,1,900.000000000000000,100.000000000000000
p_l,L2,2025-07-15 15:45:00,20250715,154500,2025-07-15 16:45:00,16,2025-07-15,0.138342519444445,0.553370077777778,0.553370077777778,15.000000000000000,900.000000000000000,100.000000000000000,1,900.000000000000000,100.000000000000000
p_l,L3,2025-07-15 15:45:00,20250715,154500,2025-07-15 16:45:00,16,2025-07-15,0.187448316666667,0.749793266666666,0.749793266666668,15.000000000000000,900.000000000000000,100.000000000000000,1,900.000000000000000,100.000000000000000
p_l,ALL,2025-07-15 15:45:00,20250715,154500,2025-07-15 16:45:00,16,2025-07-15,0.523936130555556,2.095744522222223,0.698581507407408,15.000000000000000,900.000000000000000,100.000000000000000,1,900.000000000000000,100.000000000000000
p_l,L1,2025-07-15 16:00:00,20250715,160000,2025-07-15 17:00:00,17,2025-07-15,0.185288719444444,0.741154877777778,0.741154877777778,15.000000000000000,900.000000000000000,100.000000000000000,1,900.000000000000000,100.000000000000000
p_l,L2,2025-07-15 16:00:00,20250715,160000,2025-07-15 17:00:00,17,2025-07-15,0.147214513888889,0.588858055555556,0.588858055555556,15.000000000000000,900.000000000000000,100.000000000000000,1,900.000000000000000,100.000000000000000
p_l,L3,2025-07-15 16:00:00,20250715,160000,2025-07-15 17:00:00,17,2025-07-15,0.173907588888889,0.695630355555555,0.695630355555556,15.000000000000000,900.000000000000000,100.000000000000000,1,900.000000000000000,100.000000000000000
p_l,ALL,2025-07-15 16:00:00,20250715,160000,2025-07-15 17:00:00,17,2025-07-15,0.506410822222222,2.025643288888888,0.675214429629630,15.000000000000000,900.000000000000000,100.000000000000000,1,900.000000000000000,100.000000000000000
p_l,L1,2025-07-15 16:15:00,20250715,161500,2025-07-15 17:15:00,17,2025-07-15,0.194173255555556,0.776693022222222,0.776693022222222,15.000000000000000,900.000000000000000,100.000000000000000,1,900.000000000000000,100.000000000000000
p_l,L2,2025-07-15 16:15:00,20250715,161500,2025-07-15 17:15:00,17,2025-07-15,0.144603161111111,0.578412644444444,0.578412644444444,15.000000000000000,900.000000000000000,100.000000000000000,1,900.000000000000000,100.000000000000000
p_l,L3,2025-07-15 16:15:00,20250715,161500,2025-07-15 17:15:00,17,2025-07-15,0.179127416666667,0.716509666666667,0.716509666666668,15.000000000000000,900.000000000000000,100.000000000000000,1,900.000000000000000,100.000000000000000
p_l,ALL,2025-07-15 16:15:00,20250715,161500,2025-07-15 17:15:00,17,2025-07-15,0.517903833333333,2.071615333333333,0.690538444444445,15.000000000000000,900.000000000000000,100.000000000000000,1,900.000000000000000,100.000000000000000
p_l,L1,2025-07-15 16:30:00,20250715,163000,2025-07-15 17:30:00,17,2025-07-15,0.198591286111111,0.794365144444444,0.794365144444445,15.000000000000000,900.000000000000000,100.000000000000000,1,900.000000000000000,100.000000000000000
p_l,L2,2025-07-15 16:30:00,20250715,163000,2025-07-15 17:30:00,17,2025-07-15,0.152823816666667,0.611295266666667,0.611295266666668,15.000000000000000,900.000000000000000,100.000000000000000,1,900.000000000000000,100.000000000000000
p_l,L3,2025-07-15 16:30:00,20250715,163000,2025-07-15 17:30:00,17,2025-07-15,0.187275605555555,0.749102422222222,0.749102422222222,15.000000000000000,900.000000000000000,100.000000000000000,1,900.000000000000000,100.000000000000000
p_l,ALL,2025-07-15 16:30:00,20250715,163000,2025-07-15 17:30:00,17,2025-07-15,0.538690708333333,2.154762833333333,0.718254277777778,15.000000000000000,900.000000000000000,100.000000000000000,1,900.000000000000000,100.000000000000000
p_l,L1,2025-07-15 16:45:00,20250715,164500,2025-07-15 17:45:00,17,2025-07-15,1.779396116666666,7.117584466666664,7.117584466666661,15.000000000000000,900.000000000000000,100.000000000000000,1,900.000000000000000,100.000000000000000
p_l,L2,2025-07-15 16:45:00,20250715,164500,2025-07-15 17:45:00,17,2025-07-15,1.581003180555556,6.324012722222224,6.324012722222220,15.000000000000000,900.000000000000000,100.000000000000000,1,900.000000000000000,100.000000000000000
p_l,L3,2025-07-15 16:45:00,20250715,164500,2025-07-15 17:45:00,17,2025-07-15,1.658931355555556,6.635725422222222,6.635725422222227,15.000000000000000,900.000000000000000,100.000000000000000,1,900.000000000000000,100.000000000000000
p_l,ALL,2025-07-15 16:45:00,20250715,164500,2025-07-15 17:45:00,17,2025-07-15,5.019330652777778,20.077322611111111,6.692440870370370,15.000000000000000,900.000000000000000,100.000000000000000,1,900.000000000000000,100.000000000000000
p_l,L1,2025-07-15 17:00:00,20250715,170000,2025-07-15 18:00:00,18,2025-07-15,2.283030658333333,9.132122633333333,9.132122633333326,15.000000000000000,900.000000000000000,100.000000000000000,1,900.000000000000000,100.000000000000000
p_l,L2,2025-07-15 17:00:00,20250715,170000,2025-07-15 18:00:00,18,2025-07-15,1.998293497222221,7.993173988888883,7.993173988888882,15.000000000000000,900.000000000000000,100.000000000000000,1,900.000000000000000,100.000000000000000
p_l,L3,2025-07-15 17:00:00,20250715,170000,2025-07-15 18:00:00,18,2025-07-15,2.146142522222223,8.584570088888892,8.584570088888890,15.000000000000000,900.000000000000000,100.000000000000000,1,900.000000000000000,100.000000000000000
p_l,ALL,2025-07-15 17:00:00,20250715,170000,2025-07-15 18:00:00,18,2025-07-15,6.427466677777778,25.709866711111111,8.569955570370366,15.000000000000000,900.000000000000000,100.000000000000000,1,900.000000000000000,100.000000000000000
p_l,L1,2025-07-15 17:15:00,20250715,171500,2025-07-15 18:15:00,18,2025-07-15,2.303030163888889,9.212120655555557,9.212120655555550,15.000000000000000,900.000000000000000,100.000000000000000,1,900.000000000000000,100.000000000000000
p_l,L2,2025-07-15 17:15:00,20250715,171500,2025-07-15 18:15:00,18,2025-07-15,2.012080383333333,8.048321533333333,8.048321533333340,15.000000000000000,900.000000000000000,100.000000000000000,1,900.000000000000000,100.000000000000000
p_l,L3,2025-07-15 17:15:00,20250715,171500,2025-07-15 18:15:00,18,2025-07-15,2.198635805555555,8.794543222222222,8.794543222222226,15.000000000000000,900.000000000000000,100.000000000000000,1,900.000000000000000,100.000000000000000
p_l,ALL,2025-07-15 17:15:00,20250715,171500,2025-07-15 18:15:00,18,2025-07-15,6.513746352777778,26.054985411111112,8.684995137037038,15.000000000000000,900.000000000000000,100.000000000000000,1,900.000000000000000,100.000000000000000
p_l,L1,2025-07-15 17:30:00,20250715,173000,2025-07-15 18:30:00,18,2025-07-15,2.249853480555553,8.999413922222214,8.999413922222224,15.000000000000000,900.000000000000000,100.000000000000000,1,900.000000000000000,100.000000000000000
p_l,L2,2025-07-15 17:30:00,20250715,173000,2025-07-15 18:30:00,18,2025-07-15,1.992078502777778,7.968314011111111,7.968314011111114,15.000000000000000,900.000000000000000,100.000000000000000,1,900.000000000000000,100.000000000000000
p_l,L3,2025-07-15 17:30:00,20250715,173000,2025-07-15 18:30:00,18,2025-07-15,2.181237933333333,8.724951733333331,8.724951733333333,15.000000000000000,900.000000000000000,100.000000000000000,1,900.000000000000000,100.000000000000000
p_l,ALL,2025-07-15 17:30:00,20250715,173000,2025-07-15 18:30:00,18,2025-07-15,6.423169916666664,25.692679666666656,8.564226555555557,15.000000000000000,900.000000000000000,100.000000000000000,1,900.000000000000000,100.000000000000000
p_l,L1,2025-07-15 17:45:00,20250715,174500,2025-07-15 18:45:00,18,2025-07-15,2.263841866666667,9.055367466666668,9.055367466666667,15.000000000000000,900.000000000000000,100.000000000000000,1,900.000000000000000,100.000000000000000
p_l,L2,2025-07-15 17:45:00,20250715,174500,2025-07-15 18:45:00,18,2025-07-15,2.051778441666666,8.207113766666662,8.207113766666664,15.000000000000000,900.000000000000000,100.000000000000000,1,900.000000000000000,100.000000000000000
p_l,L3,2025-07-15 17:45:00,20250715,174500,2025-07-15 18:45:00,18,2025-07-15,2.202334680555554,8.809338722222215,8.809338722222211,15.000000000000000,900.000000000000000,100.000000000000000,1,900.000000000000000,100.000000000000000
p_l,ALL,2025-07-15 17:45:00,20250715,174500,2025-07-15 18:45:00,18,2025-07-15,6.517954988888887,26.071819955555547,8.690606651851846,15.000000000000000,900.000000000000000,100.000000000000000,1,900.000000000000000,100.000000000000000
p_l,L1,2025-07-15 18:00:00,20250715,180000,2025-07-15 19:00:00,19,2025-07-15,2.234020994444443,8.936083977777772,8.936083977777775,15.000000000000000,900.000000000000000,100.000000000000000,1,900.000000000000000,100.000000000000000
p_l,L2,2025-07-15 18:00:00,20250715,180000,2025-07-15 19:00:00,19,2025-07-15,2.020452594444444,8.081810377777774,8.081810377777778,15.000000000000000,900.000000000000000,100.000000000000000,1,900.000000000000000,100.000000000000000
p_l,L3,2025-07-15 18:00:00,20250715,180000,2025-07-15 19:00:00,19,2025-07-15,2.194903672222222,8.779614688888888,8.779614688888890,15.000000000000000,900.000000000000000,100.000000000000000,1,900.000000000000000,100.000000000000000
p_l,ALL,2025-07-15 18:00:00,20250715,180000,2025-07-15 19:00:00,19,2025-07-15,6.449377261111108,25.797509044444432,8.599169681481481,15.000000000000000,900.000000000000000,100.000000000000000,1,900.000000000000000,100.000000000000000
p_l,L1,2025-07-15 18:15:00,20250715,181500,2025-07-15 19:15:00,19,2025-07-15,2.300122022222222,9.200488088888887,9.200488088888893,15.000000000000000,900.000000000000000,100.000000000000000,1,900.000000000000000,100.000000000000000
p_l,L2,2025-07-15 18:15:00,20250715,181500,2025-07-15 19:15:00,19,2025-07-15,2.082982024999998,8.331928099999992,8.331928099999999,15.000000000000000,900.000000000000000,100.000000000000000,1,900.000000000000000,100.000000000000000
p_l,L3,2025-07-15 18:15:00,20250715,181500,2025-07-15 19:15:00,19,2025-07-15,2.246313344444445,8.985253377777781,8.985253377777774,15.000000000000000,900.000000000000000,100.000000000000000,1,900.000000000000000,100.000000000000000
p_l,ALL,2025-07-15 18:15:00,20250715,181500,2025-07-15 19:15:00,19,2025-07-15,6.629417391666665,26.517669566666662,8.839223188888887,15.000000000000000,900.000000000000000,100.000000000000000,1,900.000000000000000,100.000000000000000
p_l,L1,2025-07-15 18:30:00,20250715,183000,2025-07-15 19:30:00,19,2025-07-15,2.275451391666666,9.101805566666664,9.101805566666670,15.000000000000000,900.000000000000000,100.000000000000000,1,900.000000000000000,100.000000000000000
p_l,L2,2025-07-15 18:30:00,20250715,183000,2025-07-15 19:30:00,19,2025-07-15,2.054999461111111,8.219997844444444,8.219997844444441,15.000000000000000,900.000000000000000,100.000000000000000,1,900.000000000000000,100.000000000000000
p_l,L3,2025-07-15 18:30:00,20250715,183000,2025-07-15 19:30:00,19,2025-07-15,2.219174130555556,8.876696522222225,8.876696522222225,15.000000000000000,900.000000000000000,100.000000000000000,1,900.000000000000000,100.000000000000000
p_l,ALL,2025-07-15 18:30:00,20250715,183000,2025-07-15 19:30:00,19,2025-07-15,6.549624983333333,26.198499933333331,8.732833311111111,15.000000000000000,900.000000000000000,100.000000000000000,1,900.000000000000000,100.000000000000000
p_l,L1,2025-07-15 18:45:00,20250715,184500,2025-07-15 19:45:00,19,2025-07-15,2.288524502777778,9.154098011111113,9.154098011111110,15.000000000000000,900.000000000000000,100.000000000000000,1,900.000000000000000,100.000000000000000
p_l,L2,2025-07-15 18:45:00,20250715,184500,2025-07-15 19:45:00,19,2025-07-15,2.072932972222221,8.291731888888885,8.291731888888883,15.000000000000000,900.000000000000000,100.000000000000000,1,900.000000000000000,100.000000000000000
p_l,L3,2025-07-15 18:45:00,20250715,184500,2025-07-15 19:45:00,19,2025-07-15,2.236539408333332,8.946157633333328,8.946157633333328,15.000000000000000,900.000000000000000,100.000000000000000,1,900.000000000000000,100.000000000000000
p_l,ALL,2025-07-15 18:45:00,20250715,184500,2025-07-15 19:45:00,19,2025-07-15,6.597996883333331,26.391987533333324,8.797329177777774,15.000000000000000,900.000000000000000,100.000000000000000,1,900.000000000000000,100.000000000000000
p_l,L1,2025-07-15 19:00:00,20250715,190000,2025-07-15 20:00:00,20,2025-07-15,2.306179272222217,9.224717088888866,9.224717088888905,15.000000000000000,900.000000000000000,100.000000000000000,1,900.000000000000000,100.000000000000000
p_l,L2,2025-07-15 19:00:00,20250715,190000,2025-07-15 20:00:00,20,2025-07-15,2.051503419444443,8.206013677777774,8.206013677777786,15.000000000000000,900.000000000000000,100.000000000000000,1,900.000000000000000,100.000000000000000
p_l,L3,2025-07-15 19:00:00,20250715,190000,2025-07-15 20:00:00,20,2025-07-15,2.263212397222225,9.052849588888900,9.052849588888883,15.000000000000000,900.000000000000000,100.000000000000000,1,900.000000000000000,100.000000000000000
p_l,ALL,2025-07-15 19:00:00,20250715,190000,2025-07-15 20:00:00,20,2025-07-15,6.620895088888886,26.483580355555542,8.827860118518524,15.000000000000000,900.000000000000000,100.000000000000000,1,900.000000000000000,100.000000000000000
p_l,L1,2025-07-15 19:15:00,20250715,191500,2025-07-15 20:15:00,20,2025-07-15,2.280366066666665,9.121464266666660,9.121464266666663,15.000000000000000,900.000000000000000,100.000000000000000,1,900.000000000000000,100.000000000000000
p_l,L2,2025-07-15 19:15:00,20250715,191500,2025-07-15 20:15:00,20,2025-07-15,2.049069197222221,8.196276788888886,8.196276788888888,15.000000000000000,900.000000000000000,100.000000000000000,1,900.000000000000000,100.000000000000000
p_l,L3,2025-07-15 19:15:00,20250715,191500,2025-07-15 20:15:00,20,2025-07-15,2.247927125000001,8.991708500000003,8.991708500000005,15.000000000000000,900.000000000000000,100.000000000000000,1,900.000000000000000,100.000000000000000
p_l,ALL,2025-07-15 19:15:00,20250715,191500,2025-07-15 20:15:00,20,2025-07-15,6.577362388888886,26.309449555555545,8.769816518518519,15.000000000000000,900.000000000000000,100.000000000000000,1,900.000000000000000,100.000000000000000
p_l,L1,2025-07-15 19:30:00,20250715,193000,2025-07-15 20:30:00,20,2025-07-15,2.186083822222225,8.744335288888898,8.744335288888886,15.000000000000000,900.000000000000000,100.000000000000000,1,900.000000000000000,100.000000000000000
p_l,L2,2025-07-15 19:30:00,20250715,193000,2025-07-15 20:30:00,20,2025-07-15,1.965351088888890,7.861404355555561,7.861404355555557,15.000000000000000,900.000000000000000,100.000000000000000,1,900.000000000000000,100.000000000000000
p_l,L3,2025-07-15 19:30:00,20250715,193000,2025-07-15 20:30:00,20,2025-07-15,2.133319702777777,8.533278811111108,8.533278811111105,15.000000000000000,900.000000000000000,100.000000000000000,1,900.000000000000000,100.000000000000000
p_l,ALL,2025-07-15 19:30:00,20250715,193000,2025-07-15 20:30:00,20,2025-07-15,6.284754613888892,25.139018455555568,8.379672818518516,15.000000000000000,900.000000000000000,100.000000000000000,1,900.000000000000000,100.000000000000000
p_l,L1,2025-07-15 19:45:00,20250715,194500,2025-07-15 20:45:00,20,2025-07-15,2.136193444444445,8.544773777777779,8.544773777777777,15.000000000000000,900.000000000000000,100.000000000000000,1,900.000000000000000,100.000000000000000
p_l,L2,2025-07-15 19:45:00,20250715,194500,2025-07-15 20:45:00,20,2025-07-15,1.924764727777777,7.699058911111107,7.699058911111109,15.000000000000000,900.000000000000000,100.000000000000000,1,900.000000000000000,100.000000000000000
p_l,L3,2025-07-15 19:45:00,20250715,194500,2025-07-15 20:45:00,20,2025-07-15,2.106442438888888,8.425769755555551,8.425769755555560,15.000000000000000,900.000000000000000,100.000000000000000,1,900.000000000000000,100.000000000000000
p_l,ALL,2025-07-15 19:45:00,20250715,194500,2025-07-15 20:45:00,20,2025-07-15,6.167400611111109,24.669602444444436,8.223200814814815,15.000000000000000,900.000000000000000,100.000000000000000,1,900.000000000000000,100.000000000000000
p_l,L1,2025-07-15 20:00:00,20250715,200000,2025-07-15 21:00:00,21,2025-07-15,2.180882875000001,8.723531500000004,8.723531500000000,15.000000000000000,900.000000000000000,100.000000000000000,1,900.000000000000000,100.000000000000000
p_l,L2,2025-07-15 20:00:00,20250715,200000,2025-07-15 21:00:00,21,2025-07-15,1.958587697222224,7.834350788888894,7.834350788888884,15.000000000000000,900.000000000000000,100.000000000000000,1,900.000000000000000,100.000000000000000
p_l,L3,2025-07-15 20:00:00,20250715,200000,2025-07-15 21:00:00,21,2025-07-15,2.160500294444444,8.642001177777777,8.642001177777775,15.000000000000000,900.000000000000000,100.000000000000000,1,900.000000000000000,100.000000000000000
p_l,ALL,2025-07-15 20:00:00,20250715,200000,2025-07-15 21:00:00,21,2025-07-15,6.299970866666669,25.199883466666677,8.399961155555554,15.000000000000000,900.000000000000000,100.000000000000000,1,900.000000000000000,100.000000000000000
p_l,L1,2025-07-15 20:15:00,20250715,201500,2025-07-15 21:15:00,21,2025-07-15,2.207977963888888,8.831911855555553,8.831911855555552,15.000000000000000,900.000000000000000,100.000000000000000,1,900.000000000000000,100.000000000000000
p_l,L2,2025-07-15 20:15:00,20250715,201500,2025-07-15 21:15:00,21,2025-07-15,1.977102152777778,7.908408611111111,7.908408611111108,15.000000000000000,900.000000000000000,100.000000000000000,1,900.000000000000000,100.000000000000000
p_l,L3,2025-07-15 20:15:00,20250715,201500,2025-07-15 21:15:00,21,2025-07-15,2.196065636111110,8.784262544444442,8.784262544444442,15.000000000000000,900.000000000000000,100.000000000000000,1,900.000000000000000,100.000000000000000
p_l,ALL,2025-07-15 20:15:00,20250715,201500,2025-07-15 21:15:00,21,2025-07-15,6.381145752777776,25.524583011111105,8.508194337037033,15.000000000000000,900.000000000000000,100.000000000000000,1,900.000000000000000,100.000000000000000
p_l,L1,2025-07-15 20:30:00,20250715,203000,2025-07-15 21:30:00,21,2025-07-15,2.227716291666667,8.910865166666669,8.910865166666666,15.000000000000000,900.000000000000000,100.000000000000000,1,900.000000000000000,100.000000000000000
p_l,L2,2025-07-15 20:30:00,20250715,203000,2025-07-15 21:30:00,21,2025-07-15,2.011047502777779,8.044190011111114,8.044190011111111,15.000000000000000,900.000000000000000,100.000000000000000,1,900.000000000000000,100.000000000000000
p_l,L3,2025-07-15 20:30:00,20250715,203000,2025-07-15 21:30:00,21,2025-07-15,2.214240927777778,8.856963711111113,8.856963711111121,15.000000000000000,900.000000000000000,100.000000000000000,1,900.000000000000000,100.000000000000000
p_l,ALL,2025-07-15 20:30:00,20250715,203000,2025-07-15 21:30:00,21,2025-07-15,6.453004722222224,25.812018888888897,8.604006296296300,15.000000000000000,900.000000000000000,100.000000000000000,1,900.000000000000000,100.000000000000000
p_l,L1,2025-07-15 20:45:00,20250715,204500,2025-07-15 21:45:00,21,2025-07-15,2.251480669444445,9.005922677777781,9.005922677777772,15.000000000000000,900.000000000000000,100.000000000000000,1,900.000000000000000,100.000000000000000
p_l,L2,2025-07-15 20:45:00,20250715,204500,2025-07-15 21:45:00,21,2025-07-15,2.018127894444445,8.072511577777778,8.072511577777776,15.000000000000000,900.000000000000000,100.000000000000000,1,900.000000000000000,100.000000000000000
p_l,L3,2025-07-15 20:45:00,20250715,204500,2025-07-15 21:45:00,21,2025-07-15,2.227429066666668,8.909716266666670,8.909716266666670,15.000000000000000,900.000000000000000,100.000000000000000,1,900.000000000000000,100.000000000000000
p_l,ALL,2025-07-15 20:45:00,20250715,204500,2025-07-15 21:45:00,21,2025-07-15,6.497037630555558,25.988150522222231,8.662716840740741,15.000000000000000,900.000000000000000,100.000000000000000,1,900.000000000000000,100.000000000000000
p_l,L1,2025-07-15 21:00:00,20250715,210000,2025-07-15 22:00:00,22,2025-07-15,2.166365299999999,8.665461199999996,8.665461200000006,15.000000000000000,900.000000000000000,100.000000000000000,1,900.000000000000000,100.000000000000000
p_l,L2,2025-07-15 21:00:00,20250715,210000,2025-07-15 22:00:00,22,2025-07-15,1.964492880555557,7.857971522222229,7.857971522222216,15.000000000000000,900.000000000000000,100.000000000000000,1,900.000000000000000,100.000000000000000
p_l,L3,2025-07-15 21:00:00,20250715,210000,2025-07-15 22:00:00,22,2025-07-15,2.143557494444445,8.574229977777780,8.574229977777776,15.000000000000000,900.000000000000000,100.000000000000000,1,900.000000000000000,100.000000000000000
p_l,ALL,2025-07-15 21:00:00,20250715,210000,2025-07-15 22:00:00,22,2025-07-15,6.274415675000001,25.097662700000004,8.365887566666666,15.000000000000000,900.000000000000000,100.000000000000000,1,900.000000000000000,100.000000000000000
p_l,L1,2025-07-15 21:15:00,20250715,211500,2025-07-15 22:15:00,22,2025-07-15,2.205798563888887,8.823194255555549,8.823194255555551,15.000000000000000,900.000000000000000,100.000000000000000,1,900.000000000000000,100.000000000000000
p_l,L2,2025-07-15 21:15:00,20250715,211500,2025-07-15 22:15:00,22,2025-07-15,1.992958030555554,7.971832122222215,7.971832122222217,15.000000000000000,900.000000000000000,100.000000000000000,1,900.000000000000000,100.000000000000000
p_l,L3,2025-07-15 21:15:00,20250715,211500,2025-07-15 22:15:00,22,2025-07-15,2.186471191666666,8.745884766666663,8.745884766666666,15.000000000000000,900.000000000000000,100.000000000000000,1,900.000000000000000,100.000000000000000
p_l,ALL,2025-07-15 21:15:00,20250715,211500,2025-07-15 22:15:00,22,2025-07-15,6.385227786111106,25.540911144444426,8.513637048148144,15.000000000000000,900.000000000000000,100.000000000000000,1,900.000000000000000,100.000000000000000
p_l,L1,2025-07-15 21:30:00,20250715,213000,2025-07-15 22:30:00,22,2025-07-15,2.156486180555556,8.625944722222224,8.625944722222229,15.000000000000000,900.000000000000000,100.000000000000000,1,900.000000000000000,100.000000000000000
p_l,L2,2025-07-15 21:30:00,20250715,213000,2025-07-15 22:30:00,22,2025-07-15,1.962472241666666,7.849888966666665,7.849888966666662,15.000000000000000,900.000000000000000,100.000000000000000,1,900.000000000000000,100.000000000000000
p_l,L3,2025-07-15 21:30:00,20250715,213000,2025-07-15 22:30:00,22,2025-07-15,2.132195949999999,8.528783799999996,8.528783799999998,15.000000000000000,900.000000000000000,100.000000000000000,1,900.000000000000000,100.000000000000000
p_l,ALL,2025-07-15 21:30:00,20250715,213000,2025-07-15 22:30:00,22,2025-07-15,6.251154372222221,25.004617488888883,8.334872496296297,15.000000000000000,900.000000000000000,100.000000000000000,1,900.000000000000000,100.000000000000000
p_l,L1,2025-07-15 21:45:00,20250715,214500,2025-07-15 22:45:00,22,2025-07-15,2.211285055555556,8.845140222222224,8.845140222222222,15.000000000000000,900.000000000000000,100.000000000000000,1,900.000000000000000,100.000000000000000
p_l,L2,2025-07-15 21:45:00,20250715,214500,2025-07-15 22:45:00,22,2025-07-15,2.006246769444443,8.024987077777773,8.024987077777777,15.000000000000000,900.000000000000000,100.000000000000000,1,900.000000000000000,100.000000000000000
p_l,L3,2025-07-15 21:45:00,20250715,214500,2025-07-15 22:45:00,22,2025-07-15,2.198046988888890,8.792187955555558,8.792187955555555,15.000000000000000,900.000000000000000,100.000000000000000,1,900.000000000000000,100.000000000000000
p_l,ALL,2025-07-15 21:45:00,20250715,214500,2025-07-15 22:45:00,22,2025-07-15,6.415578813888889,25.662315255555555,8.554105085185185,15.000000000000000,900.000000000000000,100.000000000000000,1,900.000000000000000,100.000000000000000
p_l,L1,2025-07-15 22:00:00,20250715,220000,2025-07-15 23:00:00,23,2025-07-15,2.259743194444445,9.038972777777779,9.038972777777779,15.000000000000000,900.000000000000000,100.000000000000000,1,900.000000000000000,100.000000000000000
p_l,L2,2025-07-15 22:00:00,20250715,220000,2025-07-15 23:00:00,23,2025-07-15,2.020880002777779,8.083520011111116,8.083520011111109,15.000000000000000,900.000000000000000,100.000000000000000,1,900.000000000000000,100.000000000000000
p_l,L3,2025-07-15 22:00:00,20250715,220000,2025-07-15 23:00:00,23,2025-07-15,2.242426227777777,8.969704911111107,8.969704911111116,15.000000000000000,900.000000000000000,100.000000000000000,1,900.000000000000000,100.000000000000000
p_l,ALL,2025-07-15 22:00:00,20250715,220000,2025-07-15 23:00:00,23,2025-07-15,6.523049425000000,26.092197700000000,8.697399233333336,15.000000000000000,900.000000000000000,100.000000000000000,1,900.000000000000000,100.000000000000000
p_l,L1,2025-07-15 22:15:00,20250715,221500,2025-07-15 23:15:00,23,2025-07-15,2.285330413888888,9.141321655555551,9.141321655555556,15.000000000000000,900.000000000000000,100.000000000000000,1,900.000000000000000,100.000000000000000
p_l,L2,2025-07-15 22:15:00,20250715,221500,2025-07-15 23:15:00,23,2025-07-15,2.079660505555556,8.318642022222223,8.318642022222219,15.000000000000000,900.000000000000000,100.000000000000000,1,900.000000000000000,100.000000000000000
p_l,L3,2025-07-15 22:15:00,20250715,221500,2025-07-15 23:15:00,23,2025-07-15,2.276695136111111,9.106780544444442,9.106780544444449,15.000000000000000,900.000000000000000,100.000000000000000,1,900.000000000000000,100.000000000000000
p_l,ALL,2025-07-15 22:15:00,20250715,221500,2025-07-15 23:15:00,23,2025-07-15,6.641686055555554,26.566744222222216,8.855581407407410,15.000000000000000,900.000000000000000,100.000000000000000,1,900.000000000000000,100.000000000000000
p_l,L1,2025-07-15 22:30:00,20250715,223000,2025-07-15 23:30:00,23,2025-07-15,2.273348011111111,9.093392044444444,9.093392044444444,15.000000000000000,900.000000000000000,100.000000000000000,1,900.000000000000000,100.000000000000000
p_l,L2,2025-07-15 22:30:00,20250715,223000,2025-07-15 23:30:00,23,2025-07-15,2.038105363888888,8.152421455555553,8.152421455555556,15.000000000000000,900.000000000000000,100.000000000000000,1,900.000000000000000,100.000000000000000
p_l,L3,2025-07-15 22:30:00,20250715,223000,2025-07-15 23:30:00,23,2025-07-15,2.271654144444444,9.086616577777775,9.086616577777775,15.000000000000000,900.000000000000000,100.000000000000000,1,900.000000000000000,100.000000000000000
p_l,ALL,2025-07-15 22:30:00,20250715,223000,2025-07-15 23:30:00,23,2025-07-15,6.583107519444443,26.332430077777772,8.777476692592593,15.000000000000000,900.000000000000000,100.000000000000000,1,900.000000000000000,100.000000000000000
p_l,L1,2025-07-15 22:45:00,20250715,224500,2025-07-15 23:45:00,23,2025-07-15,2.277155141666667,9.108620566666668,9.108620566666666,15.000000000000000,900.000000000000000,100.000000000000000,1,900.000000000000000,100.000000000000000
p_l,L2,2025-07-15 22:45:00,20250715,224500,2025-07-15 23:45:00,23,2025-07-15,2.087312555555556,8.349250222222224,8.349250222222221,15.000000000000000,900.000000000000000,100.000000000000000,1,900.000000000000000,100.000000000000000
p_l,L3,2025-07-15 22:45:00,20250715,224500,2025-07-15 23:45:00,23,2025-07-15,2.290773527777777,9.163094111111109,9.163094111111114,15.000000000000000,900.000000000000000,100.000000000000000,1,900.000000000000000,100.000000000000000
p_l,ALL,2025-07-15 22:45:00,20250715,224500,2025-07-15 23:45:00,23,2025-07-15,6.655241225000000,26.620964900000001,8.873654966666667,15.000000000000000,900.000000000000000,100.000000000000000,1,900.000000000000000,100.000000000000000
p_l,L1,2025-07-15 23:00:00,20250715,230000,2025-07-16 00:00:00,0,2025-07-16,2.225259700000000,8.901038800000000,8.901038800000002,15.000000000000000,900.000000000000000,100.000000000000000,1,900.000000000000000,100.000000000000000
p_l,L2,2025-07-15 23:00:00,20250715,230000,2025-07-16 00:00:00,0,2025-07-16,2.049847497222221,8.199389988888884,8.199389988888896,15.000000000000000,900.000000000000000,100.000000000000000,1,900.000000000000000,100.000000000000000
p_l,L3,2025-07-15 23:00:00,20250715,230000,2025-07-16 00:00:00,0,2025-07-16,2.240804191666665,8.963216766666662,8.963216766666665,15.000000000000000,900.000000000000000,100.000000000000000,1,900.000000000000000,100.000000000000000
p_l,ALL,2025-07-15 23:00:00,20250715,230000,2025-07-16 00:00:00,0,2025-07-16,6.515911388888886,26.063645555555546,8.687881851851856,15.000000000000000,900.000000000000000,100.000000000000000,1,900.000000000000000,100.000000000000000
p_l,L1,2025-07-15 23:15:00,20250715,231500,2025-07-16 00:15:00,0,2025-07-16,2.304396152777778,9.217584611111112,9.217584611111114,15.000000000000000,900.000000000000000,100.000000000000000,1,900.000000000000000,100.000000000000000
p_l,L2,2025-07-15 23:15:00,20250715,231500,2025-07-16 00:15:00,0,2025-07-16,2.090588663888889,8.362354655555555,8.362354655555560,15.000000000000000,900.000000000000000,100.000000000000000,1,900.000000000000000,100.000000000000000
p_l,L3,2025-07-15 23:15:00,20250715,231500,2025-07-16 00:15:00,0,2025-07-16,2.302834786111110,9.211339144444439,9.211339144444445,15.000000000000000,900.000000000000000,100.000000000000000,1,900.000000000000000,100.000000000000000
p_l,ALL,2025-07-15 23:15:00,20250715,231500,2025-07-16 00:15:00,0,2025-07-16,6.697819602777777,26.791278411111108,8.930426137037038,15.000000000000000,900.000000000000000,100.000000000000000,1,900.000000000000000,100.000000000000000
p_l,L1,2025-07-15 23:30:00,20250715,233000,2025-07-16 00:30:00,0,2025-07-16,2.272632783333332,9.090531133333327,9.090531133333332,15.000000000000000,900.000000000000000,100.000000000000000,1,900.000000000000000,100.000000000000000
p_l,L2,2025-07-15 23:30:00,20250715,233000,2025-07-16 00:30:00,0,2025-07-16,2.056415963888887,8.225663855555549,8.225663855555560,15.000000000000000,900.000000000000000,100.000000000000000,1,900.000000000000000,100.000000000000000
p_l,L3,2025-07-15 23:30:00,20250715,233000,2025-07-16 00:30:00,0,2025-07-16,2.274405919444443,9.097623677777774,9.097623677777779,15.000000000000000,900.000000000000000,100.000000000000000,1,900.000000000000000,100.000000000000000
p_l,ALL,2025-07-15 23:30:00,20250715,233000,2025-07-16 00:30:00,0,2025-07-16,6.603454666666662,26.413818666666650,8.804606222222223,15.000000000000000,900.000000000000000,100.000000000000000,1,900.000000000000000,100.000000000000000
p_l,L1,2025-07-15 23:45:00,20250715,234500,2025-07-16 00:45:00,0,2025-07-16,2.249677002777780,8.998708011111120,8.998708011111113,15.000000000000000,900.000000000000000,100.000000000000000,1,900.000000000000000,100.000000000000000
p_l,L2,2025-07-15 23:45:00,20250715,234500,2025-07-16 00:45:00,0,2025-07-16,2.072785730555555,8.291142922222221,8.291142922222223,15.000000000000000,900.000000000000000,100.000000000000000,1,900.000000000000000,100.000000000000000
p_l,L3,2025-07-15 23:45:00,20250715,234500,2025-07-16 00:45:00,0,2025-07-16,2.244280491666666,8.977121966666664,8.977121966666671,15.000000000000000,900.000000000000000,100.000000000000000,1,900.000000000000000,100.000000000000000
p_l,ALL,2025-07-15 23:45:00,20250715,234500,2025-07-16 00:45:00,0,2025-07-16,6.566743225000002,26.266972900000006,8.755657633333335,15.000000000000000,900.000000000000000,100.000000000000000,1,900.000000000000000,100.000000000000000
